harmonization_omop::OMOP_ID	THRESHOLD	SIDE	UNIT	QC_NOTES	MISC	conceptName
3000081	30000	>	nmol/l	WRONG_UNIT	Probably wrong source unit	cloZAPine [Moles/volume] in Serum or Plasma
3000330	0.3	<	ratio	IMPLAUSIBLE_VALUE	NA	Specific gravity of Urine by Test strip
3000475	2000000	>	e6/l	IMPLAUSIBLE_VALUE	NA	Leukocytes [#/volume] in Synovial fluid
3000570	1000	>	ug/g	IMPLAUSIBLE_VALUE	NA	Elastase.pancreatic [Mass/mass] in Stool
3000963	500	>	g/l	IMPLAUSIBLE_VALUE	NA	Hemoglobin [Mass/volume] in Blood
3001308	0	<	mmol/l	IMPOSSIBLE_VALUE	NA	Cholesterol in LDL [Moles/volume] in Serum or Plasma
3001308	20	>	mmol/l	IMPLAUSIBLE_VALUE	NA	Cholesterol in LDL [Moles/volume] in Serum or Plasma
3001405	100000	>	e6/l	WRONG_UNIT	Probably wrong source unit	CD3+CD8+ (T8 suppressor) cells [#/volume] in Blood
3001604	100	>	e9/l	IMPOSSIBLE_VALUE	NA	Monocytes [#/volume] in Blood
3002385	0	<	%	IMPOSSIBLE_VALUE	NA	Erythrocyte distribution width [Ratio]
3002385	100	>	%	IMPOSSIBLE_VALUE	NA	Erythrocyte distribution width [Ratio]
3003245	5	>	g/l	WRONG_UNIT	Probably wrong source unit	Complement C1 esterase inhibitor [Mass/volume] in Serum or Plasma
3003338	100	<	g/l	WRONG_UNIT	Probably wrong source unit	MCHC [Mass/volume]
3003338	1000	>	g/l	WRONG_UNIT	Probably wrong source unit	MCHC [Mass/volume]
3003434	10000	>	g/l	IMPLAUSIBLE_VALUE	NA	Protein [Mass/volume] in Pleural fluid
3004410	0	<	mmol/mol	IMPOSSIBLE_VALUE	NA	Hemoglobin A1c/Hemoglobin.total in Blood
3004410	250	>	mmol/mol	WRONG_UNIT	Probably wrong source unit	Hemoglobin A1c/Hemoglobin.total in Blood
3004775	5000	>	ml	IMPLAUSIBLE_VALUE	NA	Volume in Urine collected for unspecified duration
3005772	1000	>	umol/l	WRONG_UNIT	Probably wrong source unit	Bilirubin.conjugated [Moles/volume] in Serum or Plasma
3005791	1000	>	ug/l	WRONG_UNIT	Probably wrong source unit	Eosinophil cationic protein (ECP) [Mass/volume] in Serum
3006184	600	>	g/l	IMPLAUSIBLE_VALUE	NA	Hemoglobin [Mass/volume] in Capillary blood
3006217	0	<	%	IMPOSSIBLE_VALUE	NA	Methemoglobin/Hemoglobin.total in Arterial blood
3006270	1500	>	nmol/l	IMPLAUSIBLE_VALUE	NA	Folate [Moles/volume] in Blood
3006571	100	>	%	IMPOSSIBLE_VALUE	NA	Polymorphonuclear cells/100 leukocytes in Synovial fluid
3007461	5000	>	e9/l	WRONG UNIT	Probably wrong unit for extracted values	Platelets [#/volume] in Blood
3008832	10000	>	nmol/l	WRONG_UNIT	Probably wrong source unit	Norclozapine [Moles/volume] in Serum or Plasma
3009035	10000	>	pmol/l	WRONG UNIT	Probably wrong unit for extracted values	Cobalamin (Vitamin B12) [Moles/volume] in Serum or Plasma
3009343	6	<	ph	IMPOSSIBLE_VALUE	NA	pH of Capillary blood
3009466	2500	>	umol/l	IMPLAUSIBLE_VALUE	NA	Valproate [Moles/volume] in Serum or Plasma
3009508	200	>	mmol/l	WRONG_UNIT	Probably wrong source unit	Creatinine [Moles/volume] in Urine
3009542	0	<=	%	IMPOSSIBLE_VALUE	Impossible values. Some values are exactly 0 which indicates faulty reading or something of the sort	Hematocrit [Volume Fraction] of Blood
3009542	100	>	%	IMPOSSIBLE_VALUE	Impossible values. They can also stem from misreported unit (ratio,5) at source	Hematocrit [Volume Fraction] of Blood
3010130	250	>	au/ml	IMPLAUSIBLE_VALUE	NA	Cytomegalovirus IgG Ab [Units/volume] in Serum or Plasma
3010517	0	<	%	IMPOSSIBLE_VALUE	NA	Carboxyhemoglobin/Hemoglobin.total in Venous blood
3010813	2000	>	e9/l	IMPLAUSIBLE_VALUE	NA	Leukocytes [#/volume] in Blood
3010838	40	>	mmol/24h	IMPLAUSIBLE_VALUE	NA	Calcium [Moles/time] in 24 hour Urine
3011412	30000	>	e6/l	IMPLAUSIBLE_VALUE	NA	CD3 cells [#/volume] in Blood [e9/l], sample-wise median
3011960	50000	>	ng/l	IMPLAUSIBLE_VALUE	NA	Natriuretic peptide B [Mass/volume] in Serum or Plasma
3012544	6	<	ph	IMPOSSIBLE_VALUE	NA	pH of Venous blood
3013707	200	>	mm/h	IMPLAUSIBLE_VALUE	NA	Erythrocyte sedimentation rate by Westergren method
3013742	5	>	g/l	WRONG UNIT	Probably wrong unit for extracted values	Prealbumin [Mass/volume] in Serum or Plasma
3014037	500	>	%	IMPLAUSIBLE_VALUE	NA	CD3+CD4+ (T4 helper) cells/100 cells in Blood
3014043	100	>	%	IMPOSSIBLE_VALUE	NA	Spermatozoa Nonprogressive/100 spermatozoa in Semen
3014576	30	<	mmol/l	IMPLAUSIBLE_VALUE	NA	Chloride [Moles/volume] in Serum or Plasma
3015377	15	>	mmol/l	IMPLAUSIBLE_VALUE	NA	Calcium [Moles/volume] in Serum or Plasma
3015736	4	<	ph	IMPLAUSIBLE_VALUE	NA	pH of Urine
3015736	10	>	ph	IMPLAUSIBLE_VALUE	NA	pH of Urine
3016431	5	>	mmol/l	IMPOSSIBLE_VALUE	NA	Calcium.ionized [Moles/volume] adjusted to pH 7.4 in Serum or Plasma
3016502	102	>	%	IMPLAUSIBLE_VALUE	NA	Oxygen saturation in Arterial blood
3016750	2000	>	min	WRONG UNIT	Probably wrong unit for extracted values	Collection duration of Urine
3016771	1000000	>	u/l	WRONG_UNIT	Probably wrong source unit	Amylase [Enzymatic activity/volume] in Serum or Plasma
3017044	1000	>	iu/l	WRONG_UNIT	Probably wrong source unit	Thyrotropin receptor Ab [Units/volume] in Serum
3017766	1	>	g/l	WRONG UNIT	Probably wrong unit for extracted values	Complement C4 [Mass/volume] in Serum or Plasma
3018251	100	>	mmol/l	WRONG_UNIT	Probably wrong source unit	Fasting glucose [Moles/volume] in Serum or Plasma
3018405	40	>	mmol/l	IMPLAUSIBLE_VALUE	NA	Lactate [Moles/volume] in Arterial blood
3018418	2	<	ph	IMPLAUSIBLE_VALUE	NA	pH of Serum or Plasma
3018418	10	>	ph	IMPLAUSIBLE_VALUE	NA	pH of Serum or Plasma
3019150	0.5	<	kg/l	WRONG_UNIT	Probably wrong source unit	Specific gravity of Urine by Refractometry
3019150	2	>	kg/l	WRONG_UNIT	Probably wrong source unit	Specific gravity of Urine by Refractometry
3019420	1000	>	ug/l	WRONG UNIT	Probably wrong unit for extracted values	Tryptase [Mass/volume] in Serum or Plasma
3019550	75	<	mmol/l	IMPLAUSIBLE_VALUE	Probably wrong source unit	Sodium [Moles/volume] in Serum or Plasma
3019550	10000	>	mmol/l	WRONG_UNIT	Probably wrong source unit	Sodium [Moles/volume] in Serum or Plasma
3019800	1000000	>	ng/l	IMPLAUSIBLE_VALUE	NA	Troponin T.cardiac [Mass/volume] in Serum or Plasma
3019897	1	<	%	IMPLAUSIBLE_VALUE	NA	Erythrocyte distribution width [Ratio] by Automated count
3020427	10	>	iu/ml	IMPLAUSIBLE_VALUE	NA	Coagulation factor X inhibitor [Units/volume] in Platelet poor plasma by Coagulation assay
3020460	1000	>	mg/l	WRONG_UNIT	Probably wrong source unit	C reactive protein [Mass/volume] in Serum or Plasma
3020564	10000	>	umol/l	WRONG_UNIT	Probably wrong source unit	Creatinine [Moles/volume] in Serum or Plasma
3020682	10000	>	mg/mmol	IMPOSSIBLE_VALUE	NA	Albumin/Creatinine [Ratio] in Urine
3020717	40	>	umol/l	WRONG UNIT	Probably wrong unit for extracted values	Zinc [Moles/volume] in Serum or Plasma
3021347	3	>	mmol/l	IMPLAUSIBLE_VALUE	NA	Calcium.ionized [Moles/volume] in Serum or Plasma
3022217	15	>	NA	IMPLAUSIBLE_VALUE	NA	INR in Platelet poor plasma by Coagulation assay
3022621	3	<	ph	IMPLAUSIBLE_VALUE	NA	pH of Urine by Test strip
3022621	10	>	ph	IMPOSSIBLE_VALUE	NA	pH of Urine by Test strip
3022756	1	<	mg/l	WRONG_UNIT	Wrong unit for harmonized value at source	Ceruloplasmin [Mass/volume] in Serum or Plasma
3022756	5000	>	mg/l	IMPOSSIBLE_VALUE	NA	Ceruloplasmin [Mass/volume] in Serum or Plasma
3022948	1000	>	umol/l	IMPOSSIBLE_VALUE	NA	Iron [Moles/volume] in Serum or Plasma
3023081	0	<	%	IMPOSSIBLE_VALUE	NA	Carboxyhemoglobin/Hemoglobin.total in Blood
3023103	50	>	mmol/l	IMPLAUSIBLE_VALUE	Probably wrong unit for extracted values	Potassium [Moles/volume] in Serum or Plasma
3023602	15	>	mmol/l	IMPLAUSIBLE_VALUE	NA	Cholesterol in HDL [Moles/volume] in Serum or Plasma
3024561	60	>	g/l	IMPOSSIBLE_VALUE	NA	Albumin [Mass/volume] in Serum or Plasma
3024731	0	<=	fl	IMPOSSIBLE_VALUE	NA	MCV [Entitic volume]
3024731	2000	>	fl	IMPOSSIBLE_VALUE	NA	MCV [Entitic volume]
3024889	0	<	%	IMPOSSIBLE_VALUE	NA	Methemoglobin/Hemoglobin.total in Venous blood
3024889	100	>	%	WRONG_UNIT	Probably wrong source unit	Methemoglobin/Hemoglobin.total in Venous blood
3025271	10	<	e6/l	WRONG_UNIT	Probably wrong source unit	CD3-CD16+CD56+ (Natural killer) cells [#/volume] in Blood
3026361	0.5	<	e12/l	IMPOSSIBLE_VALUE	Issue with wrong mapping that can be addressed here for the time being	Erythrocytes [#/volume] in Blood
3026361	10	==	e12/l	EXTRACTION_ISSUE	10E12/l gets extracted as 10. Ambguous free text entry	Erythrocytes [#/volume] in Blood
3026361	20	>	e12/l	IMPLAUSIBLE_VALUE	NA	Erythrocytes [#/volume] in Blood
3026493	10000	>	umol/l	WRONG_UNIT	Probably wrong source unit	Urate [Moles/volume] in Serum or Plasma
3026782	0	<	mosm/kgh2o	IMPOSSIBLE_VALUE	NA	Osmolality of Urine
3030366	40	>	mg/l	IMPLAUSIBLE_VALUE	NA	Cystatin C [Mass/volume] in Serum or Plasma
3031309	200	>	%	IMPOSSIBLE_VALUE	NA	Prolactin monomeric/Prolactin.total in Serum or Plasma [%], sample-wise median
3032080	10	>	inr	IMPLAUSIBLE_VALUE	NA	INR in Blood by Coagulation assay
3035941	0	<	pg	IMPOSSIBLE_VALUE	NA	MCH [Entitic mass]
3037121	100000	>	mg/l	IMPOSSIBLE_VALUE	Mismathc of units	Protein [Mass/volume] in Urine
3039000	0	<	mmol/l	IMPOSSIBLE_VALUE	NA	Anion gap in Blood
3039429	50000	>	nmol/l	IMPOSSIBLE_VALUE	NA	Cortisol [Moles/volume] in Saliva (oral fluid)
3040151	0	<	mmol/l	IMPOSSIBLE_VALUE	NA	Glucose [Moles/volume] in Capillary blood
3040151	75	>	mmol/l	IMPLAUSIBLE_VALUE	NA	Glucose [Moles/volume] in Capillary blood
3041449	3	>	ug/l	WRONG_UNIT	Probably wrong source unit	Collagen crosslinked C-telopeptide [Mass/volume] in Serum or Plasma
3043409	20	>	mmol/l	IMPOSSIBLE_VALUE	NA	Potassium [Moles/volume] in Arterial blood
3046279	10000	>	ug/l	WRONG_UNIT	Probably wrong source unit	Procalcitonin [Mass/volume] in Serum or Plasma
3048816	5	>	mmol/l	IMPLAUSIBLE_VALUE	NA	Calcium.ionized [Moles/volume] adjusted to pH 7.4 in Blood
3050449	100000	>	ug/min	IMPLAUSIBLE_VALUE	NA	Albumin [Mass/time] in Urine collected for unspecified duration
3051014	100	>	u/field	IMPLAUSIBLE_VALUE	NA	Leukocytes [#/area] in Urine sediment by Automated count
40764999	400	>	ml/min/173m2	IMPLAUSIBLE_VALUE	NA	Glomerular filtration rate/1.73 sq M.predicted [Volume Rate/Area] in Serum, Plasma or Blood by Creatinine-based formula (CKD-EPI)
40771025	10000	>	nmol/l	WRONG_UNIT	Probably wrong source unit	25-Hydroxyvitamin D3+25-Hydroxyvitamin D2 [Moles/volume] in Serum or Plasma
43054903	300	>	pmol/l	IMPLAUSIBLE_VALUE	NA	Holo-transcobalamin II [Moles/volume] in Serum
46236952	400	>	ml/min/173m2	IMPLAUSIBLE_VALUE	NA	Glomerular filtration rate/1.73 sq M.predicted [Volume Rate/Area] in Serum, Plasma or Blood by Creatinine-based formula (MDRD) [ml/min/173m2], sample-wise median
1002102	NA	NA	ug/l	NA	NA	Choriogonadotropin.intact+Beta subunit [Mass/volume] in Serum or Plasma
1175426	NA	NA	%	NA	NA	CD3 cells/100 lymphocytes in Blood
3000012	NA	NA	%	NA	NA	Reticulocyte production index
3000034	NA	NA	mg/l	NA	NA	Microalbumin [Mass/volume] in Urine
3000060	NA	NA	e9/l	NA	NA	B lymphocytes [#/volume] in Blood
3000208	NA	NA	umol/l	NA	NA	Alpha tocopherol [Moles/volume] in Serum or Plasma
3000242	NA	NA	ng/l	NA	NA	Tau protein [Mass/volume] in Cerebral spinal fluid
3000515	NA	NA	%	NA	NA	Antithrombin actual/normal in Platelet poor plasma by Chromogenic method
3000620	NA	NA	g/l	NA	NA	Complement C3 [Mass/volume] in Serum or Plasma
3000850	NA	NA	e6/l	NA	NA	Epithelial cells [#/volume] in Urine
3001122	NA	NA	ug/l	NA	NA	Ferritin [Mass/volume] in Serum or Plasma
3001186	NA	NA	umol/l	NA	NA	Copper [Moles/volume] in Serum or Plasma
3001467	NA	NA	u/l	NA	NA	Alkaline phosphatase.bone [Enzymatic activity/volume] in Serum or Plasma
3001784	NA	NA	%	NA	NA	Prostate Specific Ag Free/Prostate specific Ag.total in Serum or Plasma
3001788	NA	NA	pmol/l	NA	NA	Aldosterone [Moles/volume] in Serum or Plasma
3002030	NA	NA	%	NA	NA	Lymphocytes/100 leukocytes in Blood
3002032	NA	NA	mmol/l	NA	NA	Base excess in Venous blood by calculation
3002079	NA	NA	mmol/24h	NA	NA	Sodium [Moles/time] in 24 hour Urine
3002109	NA	NA	ratio	NA	NA	Cholesterol in LDL/Cholesterol in HDL [Mass Ratio] in Serum or Plasma
3002173	NA	NA	g/l	NA	NA	Hemoglobin [Mass/volume] in Arterial blood
3002434	NA	NA	NA	NA	NA	Lupus erythematosus deoxynucleoproteins IgG Ab [Units/volume] in Serum by Immunoassay
3002582	NA	NA	e6/l	NA	NA	Erythrocytes [#/volume] in Urine
3003031	NA	NA	%	NA	NA	Transferrin.carbohydrate deficient.disialo/Transferrin.total in Serum or Plasma
3003129	NA	NA	mmol/l	NA	NA	Base excess in Capillary blood by calculation
3003181	NA	NA	mmol/l	NA	NA	Sodium [Moles/volume] in Urine
3003329	NA	NA	%	NA	NA	Lymphocytes/100 leukocytes in Synovial fluid
3003396	NA	NA	mmol/l	NA	NA	Base excess in Arterial blood by calculation
3003458	NA	NA	mmol/l	NA	NA	Phosphate [Moles/volume] in Serum or Plasma
3003785	NA	NA	ug/l	NA	NA	Carcinoembryonic Ag [Mass/volume] in Serum or Plasma
3003888	NA	NA	u/ml	NA	NA	Timothy IgE Ab [Units/volume] in Serum
3004119	NA	NA	g/l	NA	NA	Hemoglobin [Mass/volume] in Venous blood
3004248	NA	NA	nmol/l	NA	NA	Sex hormone binding globulin [Moles/volume] in Serum or Plasma
3004490	NA	NA	mmol/l	NA	NA	Bicarbonate [Moles/volume] standard in Capillary blood
3004529	NA	NA	%	NA	NA	Oxygen [Partial pressure] adjusted to patient's actual temperature in Venous blood
3004789	NA	NA	g/l	NA	NA	Transferrin [Mass/volume] in Serum or Plasma
3004809	NA	NA	%	NA	NA	Band form neutrophils/100 leukocytes in Blood
3004915	NA	NA	u/ml	NA	NA	Chlamydophila pneumoniae IgA Ab [Units/volume] in Serum
3005013	NA	NA	ug/l	NA	NA	Prostate Specific Ag Free [Mass/volume] in Serum or Plasma
3005033	NA	NA	mm	NA	NA	Fetal Nuchal fold Thickness US
3005082	NA	NA	nmol/l	NA	NA	Progesterone [Moles/volume] in Serum or Plasma
3005229	NA	NA	g/l	NA	NA	Alpha 2 globulin [Mass/volume] in Serum or Plasma by Electrophoresis
3005322	NA	NA	u/ml	NA	NA	IgE [Units/volume] in Serum or Plasma
3005532	NA	NA	%	NA	NA	Lymphocytes/100 leukocytes in Pleural fluid
3005715	NA	NA	mg/l	NA	NA	Vancomycin [Mass/volume] in Serum or Plasma
3005719	NA	NA	g/l	NA	NA	IgG [Mass/volume] in Serum or Plasma
3005757	NA	NA	%	NA	NA	Coagulation factor V activity actual/normal in Platelet poor plasma by Coagulation assay
3005785	NA	NA	ug/l	NA	NA	Creatine kinase.MB [Mass/volume] in Serum or Plasma
3005895	NA	NA	ug/l	NA	NA	Myoglobin [Mass/volume] in Serum or Plasma
3006109	NA	NA	%	NA	NA	Coagulation factor IX activity actual/normal in Platelet poor plasma by Coagulation assay
3006140	NA	NA	umol/l	NA	NA	Bilirubin.total [Moles/volume] in Serum or Plasma
3006245	NA	NA	%	NA	NA	CD3-CD19+ cells/100 cells in Blood
3006315	NA	NA	e9/l	NA	NA	Basophils [#/volume] in Blood
3006442	NA	NA	umol/l	NA	NA	Creatine [Moles/volume] in Serum or Plasma
3006504	NA	NA	%	NA	NA	Eosinophils/100 leukocytes in Blood
3006576	NA	NA	mmol/l	NA	NA	Bicarbonate [Moles/volume] in Blood
3006653	NA	NA	nmol/l	NA	NA	Thiamine [Moles/volume] in Blood
3006923	NA	NA	u/l	NA	NA	Alanine aminotransferase [Enzymatic activity/volume] in Serum or Plasma
3006999	NA	NA	u/ml	NA	NA	Ribonucleoprotein extractable nuclear Ab [Units/volume] in Serum
3007080	NA	NA	u/ml	NA	NA	Epstein Barr virus nuclear IgG Ab [Units/volume] in Serum
3007164	NA	NA	g/l	NA	NA	IgA [Mass/volume] in Serum or Plasma
3007220	NA	NA	u/l	NA	NA	Creatine kinase [Enzymatic activity/volume] in Serum or Plasma
3007368	NA	NA	mg/l	NA	NA	IgG [Mass/volume] in Cerebral spinal fluid
3007449	NA	NA	%	NA	NA	CD3+CD8+ (T8 suppressor) cells/100 cells in Blood
3007628	NA	NA	mmol/l	NA	NA	Bicarbonate [Moles/volume] standard in Venous blood
3007778	NA	NA	ratio	NA	NA	Kappa light chains/Lambda light chains [Mass Ratio] in Serum
3007821	NA	NA	mmol/l	NA	NA	Glucose [Moles/volume] in Serum or Plasma --baseline
3007847	NA	NA	u/ml	NA	NA	Interleukin 2 Receptor Soluble [Units/volume] in Serum or Plasma
3007930	NA	NA	%	NA	NA	Methemoglobin/Hemoglobin.total in Blood
3008037	NA	NA	mmol/l	NA	NA	Lactate [Moles/volume] in Venous blood
3008152	NA	NA	mmol/l	NA	NA	Bicarbonate [Moles/volume] in Arterial blood
3008295	NA	NA	mosm/kgh2o	NA	NA	Osmolality of Serum or Plasma
3008364	NA	NA	g/l	NA	NA	Apolipoprotein A-I [Mass/volume] in Serum or Plasma
3008486	NA	NA	pmol/l	NA	NA	Thyroxine (T4) free [Moles/volume] in Serum or Plasma
3008714	NA	NA	ratio	NA	NA	Choriogonadotropin [Multiple of the median] adjusted in Serum or Plasma
3009201	NA	NA	mu/l	NA	NA	Thyrotropin [Units/volume] in Serum or Plasma
3009214	NA	NA	u/l	NA	NA	Lutropin [Units/volume] in Serum or Plasma
3009613	NA	NA	e6/l	NA	NA	Erythrocytes [#/volume] in Peritoneal fluid
3009991	NA	NA	u/l	NA	NA	Angiotensin converting enzyme [Enzymatic activity/volume] in Cerebral spinal fluid
3010144	NA	NA	e6/l	NA	NA	Erythrocytes [#/volume] in Synovial fluid
3010156	NA	NA	mg/l	NA	NA	C reactive protein [Mass/volume] in Serum or Plasma by High sensitivity method
3010375	NA	NA	ug/l	NA	NA	cycloSPORINE [Mass/volume] in Blood
3010421	NA	NA	ph	NA	NA	pH of Blood
3010503	NA	NA	e6/l	NA	NA	CD19 cells [#/volume] in Blood
3010566	NA	NA	pmol/l	NA	NA	Parathyrin.intact [Moles/volume] in Serum or Plasma
3011391	NA	NA	pmol/l	NA	NA	Calcitriol [Moles/volume] in Serum or Plasma
3011547	NA	NA	%	NA	NA	Coagulation factor VII activity actual/normal in Platelet poor plasma by Coagulation assay
3011648	NA	NA	%	NA	NA	Oxygen content in Venous blood
3011831	NA	NA	ratio	NA	NA	Apolipoprotein B/Apolipoprotein A-I [Percentile]
3011985	NA	NA	mu/l	NA	NA	Renin [Units/volume] in Plasma
3012095	NA	NA	mmol/l	NA	NA	Magnesium [Moles/volume] in Serum or Plasma
3012110	NA	NA	mg/l	NA	NA	Lysozyme [Mass/volume] in Serum or Plasma
3012336	NA	NA	g/l	NA	NA	Haptoglobin [Mass/volume] in Serum or Plasma
3012413	NA	NA	mmol/l	NA	NA	Glucose [Moles/volume] in Serum or Plasma --2 hours post meal
3012501	NA	NA	mmol/l	NA	NA	Base excess in Blood by calculation
3012516	NA	NA	mg/l	NA	NA	Albumin [Mass/volume] in Urine
3012565	NA	NA	ml	NA	NA	Volume of 24 hour Urine
3013005	NA	NA	umol/l	NA	NA	Retinol [Moles/volume] in Serum or Plasma
3013115	NA	NA	e9/l	NA	NA	Eosinophils [#/volume] in Blood
3013166	NA	NA	%	NA	NA	Neutrophils/100 leukocytes in Synovial fluid
3013201	NA	NA	mg/l	NA	NA	Beta-2-Microglobulin [Mass/volume] in Serum or Plasma
3013247	NA	NA	mg/g	NA	NA	Albumin in CSF/Albumin in Serum or Plasma
3013290	NA	NA	kpa	NA	NA	Carbon dioxide [Partial pressure] in Blood
3013603	NA	NA	ug/l	NA	NA	Prostate specific Ag [Mass/volume] in Serum or Plasma
3013650	NA	NA	e9/l	NA	NA	Neutrophils [#/volume] in Blood by Automated count
3013721	NA	NA	u/l	NA	NA	Aspartate aminotransferase [Enzymatic activity/volume] in Serum or Plasma
3013727	NA	NA	%	NA	NA	Leukocytes other/100 leukocytes in Blood
3013826	NA	NA	mmol/l	NA	NA	Glucose [Moles/volume] in Serum or Plasma
3014007	NA	NA	%	NA	NA	Fractional oxyhemoglobin in Arterial blood
3014111	NA	NA	mmol/l	NA	NA	Lactate [Moles/volume] in Serum or Plasma
3014218	NA	NA	mmol/l	NA	NA	Bicarbonate [Moles/volume] standard in Arterial blood
3014326	NA	NA	nmol/l	NA	NA	Insulin-like growth factor-I [Moles/volume] in Serum or Plasma
3014702	NA	NA	nmol/l	NA	NA	Chromogranin A [Moles/volume] in Serum or Plasma
3014791	NA	NA	g/l	NA	NA	Apolipoprotein B [Mass/volume] in Serum or Plasma
3015024	NA	NA	mmol/l	NA	NA	Glucose [Moles/volume] in Serum or Plasma --1 hour post dose glucose
3015183	NA	NA	mm/h	NA	NA	Erythrocyte sedimentation rate
3015235	NA	NA	mmol/l	NA	NA	Bicarbonate [Moles/volume] in Capillary blood
3015322	NA	NA	g/l	NA	NA	Alpha 1 globulin [Mass/volume] in Serum or Plasma by Electrophoresis
3015399	NA	NA	mg/l	NA	NA	Transferrin receptor.soluble [Mass/volume] in Serum or Plasma
3015916	NA	NA	u/ml	NA	NA	Alpha-1-Fetoprotein [Units/volume] in Serum or Plasma
3016038	NA	NA	mmol/l	NA	NA	Potassium [Moles/volume] in Urine
3016228	NA	NA	%	NA	NA	CD19 cells/100 cells in Blood
3016244	NA	NA	mu/l	NA	NA	Insulin [Units/volume] in Serum or Plasma
3016293	NA	NA	mmol/l	NA	NA	Bicarbonate [Moles/volume] in Serum or Plasma
3016407	NA	NA	g/l	NA	NA	Fibrinogen [Mass/volume] in Platelet poor plasma by Coagulation assay
3016417	NA	NA	u/l	NA	NA	Amylase.pancreatic [Enzymatic activity/volume] in Serum or Plasma
3016436	NA	NA	u/l	NA	NA	Lactate dehydrogenase [Enzymatic activity/volume] in Serum or Plasma
3016543	NA	NA	e6/l	NA	NA	Leukocytes [#/volume] in Cerebral spinal fluid
3016616	NA	NA	umol/l	NA	NA	Dehydroepiandrosterone sulfate (DHEA-S) [Moles/volume] in Serum or Plasma
3016701	NA	NA	mmol/l	NA	NA	Glucose [Moles/volume] in Serum or Plasma --2 hours post dose glucose
3016724	NA	NA	umol/l	NA	NA	Homocysteine [Moles/volume] in Serum or Plasma
3017181	NA	NA	%	NA	NA	Myelocytes/100 leukocytes in Blood
3017315	NA	NA	u/l	NA	NA	Amylase [Enzymatic activity/volume] in Urine
3017354	NA	NA	%	NA	NA	Segmented neutrophils/100 leukocytes in Blood
3017446	NA	NA	nmol/l	NA	NA	Testosterone [Moles/volume] in Serum or Plasma
3017569	NA	NA	%	NA	NA	Oxygen content in Arterial blood
3017732	NA	NA	e9/l	NA	NA	Neutrophils [#/volume] in Blood
3017817	NA	NA	mg	NA	NA	Protein [Mass] in Urine collected for unspecified duration
3018010	NA	NA	%	NA	NA	Neutrophils/100 leukocytes in Blood
3018095	NA	NA	e6/l	NA	NA	Leukocytes [#/volume] in Urine
3018171	NA	NA	u/l	NA	NA	Choriogonadotropin [Units/volume] in Serum or Plasma
3018301	NA	NA	pmol/l	NA	NA	Testosterone Free [Moles/volume] in Serum or Plasma
3018387	NA	NA	au/ml	NA	NA	Mycoplasma pneumoniae IgG Ab [Units/volume] in Serum
3018572	NA	NA	mmol/l	NA	NA	Chloride [Moles/volume] in Blood
3018677	NA	NA	s	NA	NA	aPTT in Platelet poor plasma by Coagulation assay
3018980	NA	NA	umol/l	NA	NA	carBAMazepine [Moles/volume] in Serum or Plasma
3019069	NA	NA	%	NA	NA	Monocytes/100 leukocytes in Blood
3019145	NA	NA	ug/l	NA	NA	Choriogonadotropin.beta subunit free [Mass/volume] in Serum or Plasma
3019198	NA	NA	e9/l	NA	NA	Lymphocytes [#/volume] in Blood
3019225	NA	NA	ph	NA	NA	pH of Specimen
3019230	NA	NA	%	NA	NA	Fractional oxyhemoglobin in Venous blood
3019250	NA	NA	%	NA	NA	Coagulation factor VIII activity actual/normal in Platelet poor plasma by Coagulation assay
3019309	NA	NA	nmol/l	NA	NA	Folate [Moles/volume] in Red Blood Cells
3019473	NA	NA	mg/l	NA	NA	Protein [Mass/volume] in Cerebral spinal fluid
3019497	NA	NA	pmol/l	NA	NA	Choriogonadotropin.beta subunit free [Moles/volume] in Serum or Plasma
3019900	NA	NA	mmol/l	NA	NA	Cholesterol [Moles/volume] in Serum or Plasma
3019977	NA	NA	ph	NA	NA	pH of Arterial blood
3020044	NA	NA	mmol/l	NA	NA	Glucose [Moles/volume] in Cerebral spinal fluid
3020059	NA	NA	mmol/l	NA	NA	Calcium [Moles/volume] corrected for albumin in Serum or Plasma
3020073	NA	NA	ratio	NA	NA	CD3+CD4+ (T4 helper) cells/CD3+CD8+ (T8 suppressor cells) cells [# Ratio] in Specimen
3020287	NA	NA	%	NA	NA	Protein C actual/normal in Platelet poor plasma by Coagulation assay
3020485	NA	NA	umol/l	NA	NA	Acetaminophen [Moles/volume] in Serum or Plasma
3020491	NA	NA	mmol/l	NA	NA	Glucose [Moles/volume] in Blood
3020629	NA	NA	%	NA	NA	Protein S Free Ag actual/normal in Platelet poor plasma by Immunoassay
3020630	NA	NA	g/l	NA	NA	Protein [Mass/volume] in Serum or Plasma
3020779	NA	NA	mmol/l	NA	NA	Urea [Moles/volume] in Serum or Plasma
3020874	NA	NA	u/ml	NA	NA	Milk IgE Ab [Units/volume] in Serum
3020876	NA	NA	g/24h	NA	NA	Protein [Mass/time] in 24 hour Urine
3020891	NA	NA	°c	NA	NA	Body temperature
3020911	NA	NA	nmol/24h	NA	NA	Cortisol [Moles/time] in 24 hour Urine
3021197	NA	NA	mmol/l	NA	NA	Magnesium Ionized [Moles/volume] in Serum or Plasma
3021236	NA	NA	iu/ml	NA	NA	Streptolysin O Ab [Units/volume] in Serum or Plasma
3021337	NA	NA	ng/l	NA	NA	Troponin I.cardiac [Mass/volume] in Serum or Plasma
3021387	NA	NA	mu/l	NA	NA	Prolactin [Units/volume] in Serum or Plasma
3021447	NA	NA	kpa	NA	NA	Carbon dioxide [Partial pressure] in Venous blood
3021584	NA	NA	mu/l	NA	NA	Pregnancy associated plasma protein A [Units/volume] in Serum or Plasma
3021614	NA	NA	iu/ml	NA	NA	Rheumatoid factor [Units/volume] in Serum or Plasma
3021901	NA	NA	%	NA	NA	Oxygen saturation in Capillary blood
3021960	NA	NA	nmol/l	NA	NA	Folate [Moles/volume] in Serum or Plasma
3022096	NA	NA	%	NA	NA	Basophils/100 leukocytes in Blood
3022250	NA	NA	u/l	NA	NA	Lactate dehydrogenase [Enzymatic activity/volume] in Serum or Plasma by Lactate to pyruvate reaction
3022493	NA	NA	mg/l	NA	NA	Free Hemoglobin [Mass/volume] in Plasma
3022575	NA	NA	miu/ml	NA	NA	Varicella zoster virus IgG Ab [Units/volume] in Serum
3022689	NA	NA	mmol/l	NA	NA	Creatine [Moles/volume] in Urine
3022803	NA	NA	kpa	NA	NA	Oxygen [Partial pressure] adjusted to patient's actual temperature in Arterial blood
3022806	NA	NA	%	NA	NA	Fractional oxyhemoglobin in Capillary blood
3022914	NA	NA	u/ml	NA	NA	Cancer Ag 19-9 [Units/volume] in Serum or Plasma
3023024	NA	NA	kpa	NA	NA	Carbon dioxide [Partial pressure] in Capillary blood
3023183	NA	NA	umol/l	NA	NA	Ammonium ion [Moles/volume] in Plasma
3023199	NA	NA	e6/l	NA	NA	Leukocytes [#/volume] in Pleural fluid
3023323	NA	NA	iu/l	NA	NA	Follitropin [Units/volume] in Serum or Plasma
3023383	NA	NA	mmol/l	NA	NA	Lactate [Moles/volume] in Pleural fluid
3023465	NA	NA	g/l	NA	NA	Gamma globulin [Mass/volume] in Serum or Plasma by Electrophoresis
3023487	NA	NA	e6/l	NA	NA	Leukocytes [#/volume] in Peritoneal fluid
3023520	NA	NA	e9/l	NA	NA	Reticulocytes [#/volume] in Blood
3023659	NA	NA	%	NA	NA	Complement C1 esterase inhibitor.functional/Complement C1 esterase inhibitor.total in Serum or Plasma
3023709	NA	NA	ug/l	NA	NA	Somatotropin [Mass/volume] in Serum or Plasma
3023939	NA	NA	u/ml	NA	NA	Sjogrens syndrome-A extractable nuclear Ab [Units/volume] in Serum
3024139	NA	NA	g/l	NA	NA	IgG subclass 3 [Mass/volume] in Serum
3024172	NA	NA	u/l	NA	NA	Erythropoietin (EPO) [Units/volume] in Serum or Plasma
3024354	NA	NA	kpa	NA	NA	Oxygen [Partial pressure] in Venous blood
3024474	NA	NA	mg/l	NA	NA	Albumin [Mass/volume] in Cerebral spinal fluid
3024666	NA	NA	mmol/l	NA	NA	Lithium [Moles/volume] in Serum or Plasma
3024928	NA	NA	%	NA	NA	Oxygen saturation in Venous blood
3024980	NA	NA	g/l	NA	NA	IgG subclass 4 [Mass/volume] in Serum
3025149	NA	NA	iu/ml	NA	NA	Bordetella pertussis IgA Ab [Units/volume] in Serum
3025245	NA	NA	u/ml	NA	NA	SCL-70 extractable nuclear Ab [Units/volume] in Serum by Immunoassay
3025577	NA	NA	ug/l	NA	NA	Chromium [Mass/volume] in Blood
3025839	NA	NA	mmol/l	NA	NA	Triglyceride [Moles/volume] in Serum or Plasma
3026048	NA	NA	iu/ml	NA	NA	Bordetella pertussis IgG Ab [Units/volume] in Serum
3026179	NA	NA	nmol/l	NA	NA	Normetanephrine [Moles/volume] in Serum or Plasma
3026250	NA	NA	ug/l	NA	NA	Tacrolimus [Mass/volume] in Blood
3026285	NA	NA	g/l	NA	NA	Alpha 1 antitrypsin [Mass/volume] in Serum or Plasma
3026470	NA	NA	ug/l	NA	NA	Cobalt [Mass/volume] in Blood
3026725	NA	NA	nmol/l	NA	NA	Estradiol (E2) [Moles/volume] in Serum or Plasma
3026910	NA	NA	u/l	NA	NA	Gamma glutamyl transferase [Enzymatic activity/volume] in Serum or Plasma
3026989	NA	NA	pmol/l	NA	NA	Triiodothyronine (T3) Free [Moles/volume] in Serum or Plasma
3027135	NA	NA	g/l	NA	NA	IgG subclass 1 [Mass/volume] in Serum
3027238	NA	NA	u/ml	NA	NA	Thyroperoxidase Ab [Units/volume] in Serum or Plasma
3027273	NA	NA	mmol/l	NA	NA	Bicarbonate [Moles/volume] in Venous blood
3027300	NA	NA	u/ml	NA	NA	Silver Birch IgE Ab [Units/volume] in Serum
3027315	NA	NA	kpa	NA	NA	Oxygen [Partial pressure] in Blood
3027456	NA	NA	nmol/l	NA	NA	Digoxin [Moles/volume] in Serum or Plasma
3027475	NA	NA	e6/l	NA	NA	Erythrocytes [#/volume] in Cerebral spinal fluid
3027801	NA	NA	kpa	NA	NA	Oxygen [Partial pressure] in Arterial blood
3027831	NA	NA	%	NA	NA	CD3-CD16+CD56+ (Natural killer) cells/100 cells in Blood
3027923	NA	NA	nmol/l	NA	NA	C peptide [Moles/volume] in Serum or Plasma
3027945	NA	NA	%	NA	NA	Reticulocytes/100 erythrocytes in Blood
3027946	NA	NA	kpa	NA	NA	Carbon dioxide [Partial pressure] in Arterial blood
3027953	NA	NA	u/l	NA	NA	Aldolase [Enzymatic activity/volume] in Serum or Plasma
3028026	NA	NA	g/l	NA	NA	IgM [Mass/volume] in Serum or Plasma
3028167	NA	NA	e9/l	NA	NA	CD3+CD4+ (T4 helper) cells [#/volume] in Blood
3028192	NA	NA	g/l	NA	NA	IgG subclass 2 [Mass/volume] in Serum
3028271	NA	NA	mmol/l	NA	NA	Lactate [Moles/volume] in Capillary blood
3028286	NA	NA	g/l	NA	NA	Albumin [Mass/volume] in Serum or Plasma by Electrophoresis
3028308	NA	NA	e6/l	NA	NA	Erythrocytes [#/volume] in Pleural fluid
3028531	NA	NA	ug/l	NA	NA	Enolase.neuron specific [Mass/volume] in Serum or Plasma
3028626	NA	NA	kpa	NA	NA	Oxygen [Partial pressure] in Capillary blood
3028653	NA	NA	%	NA	NA	Carboxyhemoglobin/Hemoglobin.total in Arterial blood
3029080	NA	NA	pg	NA	NA	Hemoglobin [Entitic mass] in Reticulocytes
3029187	NA	NA	ng/l	NA	NA	Natriuretic peptide.B prohormone N-Terminal [Mass/volume] in Serum or Plasma
3029713	NA	NA	g/l	NA	NA	Protein.monoclonal band 1 [Mass/volume] in Serum or Plasma by Electrophoresis
3029879	NA	NA	e6/l	NA	NA	Epithelial cells.squamous [#/volume] in Urine by Automated count
3030136	NA	NA	nmol/l	NA	NA	5-Hydroxyindoleacetate [Moles/volume] in Serum or Plasma
3030306	NA	NA	e6/l	NA	NA	Epithelial cells.non-squamous [#/volume] in Urine by Automated count
3030467	NA	NA	e6/l	NA	NA	Casts [#/volume] in Urine by Automated count
3030981	NA	NA	e6/l	NA	NA	Hyaline casts [#/volume] in Urine by Automated count
3032155	NA	NA	nmol/l	NA	NA	Metanephrine Free [Moles/volume] in Serum or Plasma
3032836	NA	NA	nmol/l	NA	NA	C peptide [Moles/volume] in Serum or Plasma --fasting
3033658	NA	NA	%	NA	NA	Prothrombin time (PT) actual/Normal
3033705	NA	NA	mmol/l	NA	NA	Calcium.ionized [Moles/volume] in Venous blood
3034274	NA	NA	umol/l	NA	NA	Bile acid [Moles/volume] in Serum --fasting
3034426	NA	NA	s	NA	NA	Prothrombin time (PT)
3034780	NA	NA	u/l	NA	NA	Angiotensin converting enzyme [Enzymatic activity/volume] in Serum or Plasma
3034860	NA	NA	mg/l	NA	NA	Kappa light chains.free [Mass/volume] in Serum
3035062	NA	NA	u/l	NA	NA	Alkaline phosphatase.liver 1 [Enzymatic activity/volume] in Serum or Plasma
3035285	NA	NA	mmol/l	NA	NA	Chloride [Moles/volume] in Venous blood
3035320	NA	NA	mg/l	NA	NA	C reactive protein [Mass/volume] in Body fluid
3035400	NA	NA	u/l	NA	NA	Alkaline phosphatase.liver [Enzymatic activity/volume] in Serum or Plasma
3035637	NA	NA	ng/l	NA	NA	Corticotropin [Mass/volume] in Plasma
3035715	NA	NA	e9/l	NA	NA	Granulocytes [#/volume] in Blood
3035880	NA	NA	ph	NA	NA	pH of Pleural fluid
3035933	NA	NA	%	NA	NA	Granulocytes/100 leukocytes in Blood
3035995	NA	NA	u/l	NA	NA	Alkaline phosphatase [Enzymatic activity/volume] in Serum or Plasma
3035999	NA	NA	mmol/l	NA	NA	Lactate [Moles/volume] in Cerebral spinal fluid
3036035	NA	NA	%	NA	NA	von Willebrand factor (vWf) Ag actual/normal in Platelet poor plasma by Immunoassay
3036185	NA	NA	u/l	NA	NA	Alkaline phosphatase.liver 2 [Enzymatic activity/volume] in Serum or Plasma
3036428	NA	NA	u/l	NA	NA	Adenosine deaminase [Enzymatic activity/volume] in Pleural fluid
3036481	NA	NA	nmol/l	NA	NA	Cortisol [Moles/volume] in Serum or Plasma
3036489	NA	NA	s	NA	NA	Thrombin time
3036535	NA	NA	ug/l	NA	NA	Thyroglobulin [Mass/volume] in Serum or Plasma
3036603	NA	NA	ml	NA	NA	Volume of Urine
3036669	NA	NA	%	NA	NA	Protein S actual/normal in Platelet poor plasma by Coagulation assay
3036782	NA	NA	mmol/l	NA	NA	Glucose [Moles/volume] in Pleural fluid
3037534	NA	NA	ng/l	NA	NA	Parathyrin related protein [Mass/volume] in Serum or Plasma
3037826	NA	NA	umol/l	NA	NA	lamoTRIgine [Moles/volume] in Serum or Plasma
3038515	NA	NA	mmol/l	NA	NA	Glucose [Moles/volume] in Venous blood
3038769	NA	NA	u/ml	NA	NA	Chlamydophila pneumoniae IgG Ab [Units/volume] in Serum by Immunoassay
3040370	NA	NA	nmol/l	NA	NA	OLANZapine [Moles/volume] in Serum or Plasma
3041354	NA	NA	mmol/l	NA	NA	Potassium [Moles/volume] in Venous blood
3041806	NA	NA	e9/l	NA	NA	Other cells [#/volume] in Blood by Manual count
3042299	NA	NA	mg/l	NA	NA	inFLIXimab [Mass/volume] in Serum or Plasma
3042585	NA	NA	nmol/l	NA	NA	Pyridoxine [Moles/volume] in Serum or Plasma
3042810	NA	NA	ng/l	NA	NA	Amyloid beta 42 peptide [Mass/volume] in Cerebral spinal fluid
3043723	NA	NA	g/l	NA	NA	Beta 1 globulin [Mass/volume] in Serum or Plasma by Electrophoresis
3043747	NA	NA	g/l	NA	NA	Beta 2 globulin [Mass/volume] in Serum or Plasma by Electrophoresis
3044242	NA	NA	mmol/l	NA	NA	Glucose [Moles/volume] in Arterial blood
3045156	NA	NA	kpa	NA	NA	Carbon dioxide [Partial pressure] adjusted to patient's actual temperature in Arterial blood
3045684	NA	NA	u/l	NA	NA	Alkaline phosphatase.other fractions [Enzymatic activity/volume] in Serum or Plasma
3045716	NA	NA	mmol/l	NA	NA	Anion gap in Serum or Plasma
3047169	NA	NA	mg/l	NA	NA	Lambda light chains.free [Mass/volume] in Serum or Plasma
3047181	NA	NA	mmol/l	NA	NA	Lactate [Moles/volume] in Blood
3047826	NA	NA	ug/l	NA	NA	Mullerian inhibiting substance [Mass/volume] in Serum or Plasma
3048402	NA	NA	u/field	NA	NA	Erythrocytes [#/area] in Urine sediment by Automated count
3048469	NA	NA	umol/l	NA	NA	10-Hydroxycarbazepine [Moles/volume] in Serum or Plasma
3048518	NA	NA	ratio	NA	NA	aPTT.lupus sensitive actual/normal (normalized LA screen)
3048689	NA	NA	ug/g	NA	NA	Calprotectin [Mass/mass] in Stool
3048773	NA	NA	mmol/l	NA	NA	Triglyceride [Moles/volume] in Serum or Plasma --fasting
3049506	NA	NA	ug/min	NA	NA	Microalbumin [Mass/time] in Urine collected for unspecified duration
3049714	NA	NA	ug/l	NA	NA	Procollagen type I.N-terminal propeptide [Mass/volume] in Serum
3051387	NA	NA	mg/l	NA	NA	C reactive protein [Mass/volume] in Capillary blood
3051611	NA	NA	index	NA	NA	Lipemic interference index of Serum or Plasma
3051714	NA	NA	mg/l	NA	NA	Fibrin D-dimer FEU [Mass/volume] in Platelet poor plasma
3052649	NA	NA	u/l	NA	NA	Adenosine deaminase [Enzymatic activity/volume] in Serum or Plasma
3052851	NA	NA	index	NA	NA	Hemolysis interference index of Serum or Plasma
4027681	NA	NA	ratio	NA	NA	Cerebrospinal fluid IgG ratio and IgG index
21491979	NA	NA	mu/l	NA	NA	Prolactin monomeric [Units/volume] in Serum or Plasma
21494814	NA	NA	%	NA	NA	CD8 cells/100 lymphocytes in Specimen
21494815	NA	NA	%	NA	NA	CD4 cells/100 lymphocytes in Specimen
36032269	NA	NA	pmol/l	NA	NA	Testosterone Free [Moles/volume] in Serum or Plasma by calculation
40757349	NA	NA	ratio	NA	NA	CD3+CD4+ (T4 helper) cells/CD3+CD8+ (T8 suppressor cells) cells [# Ratio] in Blood
40758310	NA	NA	pmol/l	NA	NA	Human epididymis protein 4 [Moles/volume] in Serum or Plasma
40758990	NA	NA	ug/l	NA	NA	Choriogonadotropin.beta subunit [Mass/volume] in Serum or Plasma
40759040	NA	NA	nmol/l	NA	NA	C peptide [Moles/volume] in Serum or Plasma --post meal
40761995	NA	NA	%	NA	NA	Spermatozoa Progressive [#/volume] in Semen
40762366	NA	NA	%	NA	NA	Oxygen capacity [Volume Fraction] in Arterial blood
40763082	NA	NA	u/l	NA	NA	Lactate dehydrogenase [Enzymatic activity/volume] in Pleural fluid by Lactate to pyruvate reaction
40763531	NA	NA	ratio	NA	NA	Fetal Nuchal fold [Multiple of the median] Thickness adjusted for maternal weight
40763571	NA	NA	%	NA	NA	Iron/Transferrin [Ratio] in Serum or Plasma
40766189	NA	NA	eliau/ml	NA	NA	Gliadin peptide IgG Ab [Units/volume] in Serum by Immunoassay
40767503	NA	NA	%	NA	NA	Oxygen content in Capillary blood by calculation
40770918	NA	NA	%	NA	NA	von Willebrand factor (vWf).activity actual/normal in Platelet poor plasma by Immunoassay
42529200	NA	NA	u/ml	NA	NA	Cancer Ag 15-3 [Units/volume] in Serum or Plasma by Immunoassay
42529201	NA	NA	u/ml	NA	NA	Cancer Ag 19-9 [Units/volume] in Serum or Plasma by Immunoassay
42529215	NA	NA	u/l	NA	NA	Follitropin [Units/volume] in Serum or Plasma by Immunoassay
42868674	NA	NA	%	NA	NA	Cholesterol in HDL/Cholesterol.total [Molar ratio] in Serum or Plasma
42868678	NA	NA	mmol/l	NA	NA	Cholesterol non HDL [Moles/volume] in Serum or Plasma
42868691	NA	NA	pmol/l	NA	NA	Thyroxine (T4) free [Moles/volume] in Serum or Plasma by Dialysis
42869547	NA	NA	ug/l	NA	NA	Procollagen type III.N-terminal propeptide [Mass/volume] in Serum
42870365	NA	NA	mg/l	NA	NA	C reactive protein [Mass/volume] in Blood by High sensitivity method
43055120	NA	NA	iu/ml	NA	NA	Cytomegalovirus DNA [Units/volume] (viral load) in Serum or Plasma by NAA with probe detection
43055225	NA	NA	ng/l	NA	NA	Phosphorylated tau 181 [Mass/volume] in Cerebral spinal fluid by Immunoassay
43055361	NA	NA	%	NA	NA	Metamyelocytes/Leukocytes [Pure number fraction] in Blood by Manual count
43055554	NA	NA	mmol/l	NA	NA	Base excess.100% oxygenated [Moles/volume] standard in Capillary blood by calculation
44786774	NA	NA	mg/l	NA	NA	Adalimumab [Mass/volume] in Serum or Plasma
44813793	NA	NA	NA	NA	NA	Dust mix specific IgE antibody measurement
44816844	NA	NA	mu/l	NA	NA	Macroprolactin [Units/volume] in Serum or Plasma
44816893	NA	NA	u/ml	NA	NA	Food Allergen Mix 50 (Kiwi+Pineapple+Banana+Mango) IgE Ab [Units/volume] in Serum by Multidisk
44817194	NA	NA	%	NA	NA	Complement alternate pathway AH50 actual/normal in Serum by Immunoassay
46235831	NA	NA	ratio	NA	NA	Pregnancy associated plasma protein A [Multiple of the median] adjusted in Serum or Plasma
