TEST_NAME	TYPE	SUB_DIST	CUTOFF	UNIT	OUTCOME	NOTES	TESTS_PASSED	UNIT_PREVALENCE	PREVALENCE_DICT	BIMODAL_STATUS	BIMODAL_SEP	BIMODAL_BC	BIMODAL_DIP_P	BIMODAL_OVERLAP	SCORE_GLOBAL	SCORE_SPLIT	SCORE_IMPROVEMENT	N_CANDIDATE	N_TARGET	CAND_DECILES	TARG_DECILES	KS_STAT	KS_MLOGP	KS_PASS	T_STAT	T_MLOGP	T_PASS	MAD_DIST	MAD_THRESHOLD	MAD_PASS
b-eryt	unambiguous	all	inf	e12/l	PASS		KS,MAD	99.99	{e12/l:99.99,%:0.01,e9/l:0}	NA	NA	NA	NA	NA	NA	NA	NA	1125507	8027474	[3.5,3.85,4.09,4.25,4.4,4.54,4.7,4.87,5.1]	[3.3,3.7,3.99,4.2,4.35,4.5,4.67,4.83,5.1]	0.04819	300	PASS	82.65	300	FAIL	0.05	1.35	PASS
p-inr	unambiguous	all	inf	inr	PASS		KS,MAD	99.17	{inr:99.17,ng:0.52,form:0.31}	NA	NA	NA	NA	NA	NA	NA	NA	1094474	73185	[1.6,1.9,2.1,2.3,2.4,2.6,2.7,3,3.3]	[1,1.3,1.9,2.1,2.3,2.4,2.6,2.8,3.2]	0.1414	300	PASS	69.29	300	FAIL	0.1	1.5	PASS
b-leuk	unambiguous	all	inf	e9/l	PASS		KS,MAD	99.99	{e9/l:99.99,g/l:0,form:0}	NA	NA	NA	NA	NA	NA	NA	NA	1032243	7602061	[4.6,5.2,5.8,6.4,7,7.6,8.4,9.3,11]	[4.3,5.1,5.7,6.3,6.9,7.5,8.3,9.5,11.5]	0.0272	300	PASS	-9.507	20.71	FAIL	0.1	4.8	PASS
b-hb	unambiguous	all	inf	g/l	PASS		KS,MAD	99.99	{g/l:99.99,e9/l:0.01,form:0}	NA	NA	NA	NA	NA	NA	NA	NA	897586	10050663	[106,116,124,129,133,137,142,147,154]	[99,110,119,125,130,135,140,145,152]	0.074	300	PASS	177.9	300	FAIL	3	39	PASS
e-mcv	unambiguous	all	inf	fl	PASS		KS,MAD	99.96	{fl:99.96,%:0.03,pg:0}	NA	NA	NA	NA	NA	NA	NA	NA	864419	10024448	[84.7,87,89,90,91,93,94,96,99]	[85,87,89,90,91,93,94,96,99]	0.009314	59.68	PASS	-17.96	71.36	FAIL	0	9	PASS
e-mch	unambiguous	all	inf	pg	PASS		KS,MAD	99.78	{pg:99.78,pg/cell:0.21,fl:0}	NA	NA	NA	NA	NA	NA	NA	NA	860182	10028638	[27,29,29,30,30,31,31,32,33]	[28,29,29,30,30,31,31,32,33]	0.01735	206.9	PASS	-5.171	6.633	FAIL	0	3	PASS
b-trom	unambiguous	all	inf	e9/l	PASS		KS,MAD	100	{e9/l:100,%:0,form:0}	NA	NA	NA	NA	NA	NA	NA	NA	844745	7894760	[164,194,216,235,253,273,296,328,382]	[154,187,209,229,247,267,291,321,374]	0.03419	300	PASS	58.23	300	FAIL	6	156	PASS
pt-gfreepi	unambiguous	all	inf	ml/min/173m2	PASS		KS,T,MAD	99.11	{ml/min/173m2:99.11,form:0.89}	NA	NA	NA	NA	NA	NA	NA	NA	753464	1890479	[39,51,59,67,74,80,86,92,101]	[38,54,65,73,80,86,91,97,106]	0.09023	300	PASS	0.6271	0.2752	PASS	6	48	PASS
p-k	unambiguous	all	inf	mmol/l	PASS		KS,MAD	100	{mmol/l:100,mmol/mol:0,nmol/l:0}	NA	NA	NA	NA	NA	NA	NA	NA	696029	6739257	[3.5,3.7,3.8,3.9,4,4.1,4.2,4.3,4.5]	[3.5,3.7,3.8,3.9,4,4.1,4.2,4.3,4.6]	0.04603	300	PASS	8.212	15.66	FAIL	0	0.9	PASS
p-na	unambiguous	all	inf	mmol/l	PASS		KS,MAD	100	{mmol/l:100,mmol/:0,1:0}	NA	NA	NA	NA	NA	NA	NA	NA	616164	6702395	[134,137,138,139,140,141,142,142,144]	[134,136,138,139,140,140,141,142,143]	0.08954	300	PASS	110.6	300	FAIL	0	6	PASS
u-ph	unambiguous	all	inf	form	PASS		KS,MAD	98.78	{form:98.78,ph:1.22}	NA	NA	NA	NA	NA	NA	NA	NA	615896	18003	[5.5,5.5,6,6,6.5,7,7,7.2,7.5]	[5,5,5,5.5,6,6,6.5,7,7]	0.2376	300	PASS	79	300	FAIL	0.5	3	PASS
p-krea	unambiguous	all	inf	umol/l	PASS		KS,MAD	99.98	{umol/l:99.98,umol:0.02,ml/min/173m2:0}	NA	NA	NA	NA	NA	NA	NA	NA	598916	7090317	[56,63,68,73,79,86,94,106,128]	[53,60,65,70,76,82,90,104,135]	0.0562	300	PASS	-81.39	300	FAIL	3	45	PASS
p-alat	unambiguous	all	inf	u/l	PASS		KS,MAD	100	{u/l:100,umol/l:0,mmol/l:0}	NA	NA	NA	NA	NA	NA	NA	NA	485114	4341016	[13,16,18,21,24,27,32,40,56]	[13,16,18,21,24,28,33,42,61]	0.01816	124.7	PASS	-61.47	300	FAIL	0	24	PASS
e-rdw	unambiguous	all	inf	%	PASS		KS,MAD	100	{%:100}	NA	NA	NA	NA	NA	NA	NA	NA	444958	5838295	[13,13,13,14,14,14,15,15,17]	[12.6,13,13,13.5,14,14,15,16,17]	0.04127	300	PASS	-18.88	78.74	FAIL	0	3	PASS
fp-gluk	unambiguous	all	inf	mmol/l	PASS		T,MAD	99.96	{mmol/l:99.96,nmol/l:0.04,mmol/:0}	NA	NA	NA	NA	NA	NA	NA	NA	374679	1527542	[5.2,5.5,5.7,5.9,6.1,6.4,6.7,7.2,8.2]	[5,5.3,5.5,5.7,5.8,6.1,6.4,6.9,7.8]	5.187e-06	-0	FAIL	-0.9163	0.4443	PASS	0.3	1.5	PASS
b-hba1c	unambiguous	all	inf	mmol/mol	PASS		KS,MAD	99.68	{mmol/mol:99.68,mmol/m:0.17,mmol:0.07}	NA	NA	NA	NA	NA	NA	NA	NA	355608	1620358	[34,37,38,40,42,44,47,52,62]	[33,35,37,38,40,42,44.8,50,60]	0.1166	300	PASS	67.74	300	FAIL	2	15	PASS
p-crp	unambiguous	all	inf	mg/l	PASS		KS,MAD	100	{mg/l:100,mg/ml:0,alle:0}	NA	NA	NA	NA	NA	NA	NA	NA	329193	3910391	[2,4,6,10,15,23,37,58,99]	[3,5,8,13,21,34,52,81,133]	0.08079	300	PASS	-121.5	300	FAIL	6	54	PASS
e-mchc	unambiguous	all	inf	g/l	PASS		KS,MAD	100	{g/l:100,e9/l:0,form:0}	NA	NA	NA	NA	NA	NA	NA	NA	306489	6816018	[314,320,326,330,333,336,339,343,348]	[315,321,325,328,331,333,337,340,346]	0.07234	300	PASS	36.85	296.3	FAIL	2	24	PASS
fp-kol-ldl	unambiguous	all	inf	mmol/l	PASS		KS,MAD	100	{mmol/l:100,mmol/:0,mmoil/l:0}	NA	NA	NA	NA	NA	NA	NA	NA	296567	1260270	[1.6,2,2.2,2.5,2.8,3.1,3.4,3.7,4.2]	[1.5,1.8,2.1,2.38,2.6,2.9,3.2,3.6,4.1]	0.07612	300	PASS	76.07	300	FAIL	0.2	2.1	PASS
fp-kol	unambiguous	all	inf	mmol/l	PASS		KS,MAD	100	{mmol/l:100,mmol:0,mmol/:0}	NA	NA	NA	NA	NA	NA	NA	NA	242236	1161244	[3.4,3.8,4.1,4.5,4.8,5.1,5.4,5.8,6.3]	[3.2,3.6,4,4.3,4.6,4.9,5.2,5.6,6.2]	0.07865	300	PASS	69.18	300	FAIL	0.2	2.4	PASS
fp-trigly	unambiguous	all	inf	mmol/l	PASS		KS,MAD	100	{mmol/l:100,mmol/:0}	NA	NA	NA	NA	NA	NA	NA	NA	236913	1104873	[0.7,0.85,1,1.1,1.25,1.41,1.67,1.98,2.54]	[0.7,0.82,0.96,1.1,1.21,1.4,1.6,1.89,2.4]	0.03268	180.7	PASS	21.07	97.75	FAIL	0.04	1.17	PASS
fp-kol-hdl	unambiguous	all	inf	mmol/l	PASS		KS,MAD	100	{mmol/l:100,mml/l:0,mmol:0}	NA	NA	NA	NA	NA	NA	NA	NA	233401	1111749	[0.96,1.1,1.2,1.31,1.42,1.54,1.68,1.85,2.11]	[0.95,1.09,1.2,1.3,1.4,1.5,1.63,1.8,2.03]	0.03355	188.4	PASS	31.9	222.3	FAIL	0.02	0.84	PASS
pt-gfre	unambiguous	all	inf	ml/min/173m2	PASS		KS,MAD	99.63	{ml/min/173m2:99.63,form:0.37,mi/min/173m2:0}	NA	NA	NA	NA	NA	NA	NA	NA	217101	1114830	[42,54,63,70,77,83,88,93,102]	[41,57,67,75,82,87,92,98,106]	0.0821	300	PASS	-55.76	300	FAIL	5	45	PASS
p-t4-v	unambiguous	all	inf	pmol/l	PASS		KS,MAD	100	{pmol/l:100,nmol/l:0,pmo/l:0}	NA	NA	NA	NA	NA	NA	NA	NA	202509	904372	[12,13.1,14,14.9,15.5,16.2,17,18.1,19.9]	[12,13,14,14.7,15.2,16,17,18,19.5]	0.04043	234.7	PASS	21.92	105.7	FAIL	0.3	5.7	PASS
p-afos	unambiguous	all	inf	u/l	PASS		KS,MAD	100	{u/l:100,umol/l:0}	NA	NA	NA	NA	NA	NA	NA	NA	179619	2453347	[47,55,61,67,74,81,91,106,134]	[49,57,64,70,77,85,95,111,151]	0.04783	300	PASS	-42.86	300	FAIL	3	57	PASS
vb-ph	unambiguous	all	inf	ph	PASS		KS,T,MAD	99.15	{ph:99.15,form:0.64,1:0.21}	NA	NA	NA	NA	NA	NA	NA	NA	174791	931	[7.3,7.33,7.35,7.37,7.38,7.39,7.41,7.42,7.45]	[7.31,7.34,7.36,7.37,7.38,7.39,7.4,7.42,7.44]	0.0655	3.171	PASS	-1.38	0.7751	PASS	0	0.09	PASS
b-erybla	unambiguous	all	inf	e9/l	PASS		KS,MAD	100	{e9/l:100}	NA	NA	NA	NA	NA	NA	NA	NA	168176	1042996	[0,0,0,0,0,0,0,0,0]	[0,0,0,0,0,0,0,0,0]	0.03061	117.6	PASS	-2.111	1.458	FAIL	0	0	PASS
b-neut	unambiguous	all	inf	e9/l	PASS		KS,MAD	98.61	{e9/l:98.61,%:1.39}	NA	NA	NA	NA	NA	NA	NA	NA	167799	1795778	[2.01,2.6,3.06,3.5,3.95,4.49,5.13,6.05,7.61]	[1.68,2.28,2.73,3.19,3.63,4.17,4.8,5.74,7.5]	0.07323	300	PASS	28.99	183.7	FAIL	0.32	3.87	PASS
b-la	unambiguous	all	inf	mm/h	PASS		KS,T,MAD	99.95	{mm/h:99.95,mmol:0.03,form:0.01}	NA	NA	NA	NA	NA	NA	NA	NA	156137	1233035	[2,5,6,8,10,15,21,28,41]	[2,4,5,7,9,12,16,25,38]	0.06175	300	PASS	1.274	0.693	PASS	1	18	PASS
cb-ph	unambiguous	all	inf	ph	PASS		KS,T,MAD	100	{ph:100}	NA	NA	NA	NA	NA	NA	NA	NA	104924	9566	[7.35,7.38,7.39,7.41,7.42,7.43,7.44,7.45,7.47]	[7.35,7.37,7.39,7.41,7.42,7.43,7.44,7.46,7.48]	0.02775	5.573	PASS	-0.9285	0.452	PASS	0	0.09	PASS
p-gt	unambiguous	all	inf	u/l	PASS		KS,MAD	100	{u/l:100,mg/ml:0,mg/l:0}	NA	NA	NA	NA	NA	NA	NA	NA	103061	716677	[15,20,26,33,44,58,78,114,201]	[15,19,23,29,36,47,65,100,195]	0.07496	300	PASS	6.415	9.851	FAIL	8	57	PASS
u-krea	unambiguous	all	inf	mmol/l	PASS		KS,MAD	98.91	{mmol/l:98.91,umol/l:1.09,g/l:0}	NA	NA	NA	NA	NA	NA	NA	NA	102361	389208	[3.3,4.4,5.3,6.3,7.4,8.7,10.3,12.8,18.2]	[3.1,4.1,4.9,5.8,6.8,7.9,9.3,11.1,14.2]	0.06319	281.1	PASS	71.27	300	FAIL	0.6	7.8	PASS
hdl/kol	unambiguous	all	inf	%	PASS		KS,MAD	100	{%:100}	NA	NA	NA	NA	NA	NA	NA	NA	90022	130630	[21,25,28,30,33,36,39,42,47]	[21,24,27,30,32,35,38,41,46]	0.03313	50.53	PASS	15.54	53.69	FAIL	1	21	PASS
p-psa	unambiguous	all	inf	ug/l	PASS		KS,MAD	100	{ug/l:100,µh/l:0}	NA	NA	NA	NA	NA	NA	NA	NA	85787	353641	[0.36,0.61,0.89,1.2,1.63,2.2,3.03,4.4,6.91]	[0.25,0.52,0.82,1.2,1.74,2.54,3.8,5.9,10.6]	0.06976	291.9	PASS	-32.49	230.5	FAIL	0.11	4.08	PASS
b-baso	unambiguous	all	inf	e9/l	PASS		KS,MAD	98.99	{e9/l:98.99,%:1.01}	NA	NA	NA	NA	NA	NA	NA	NA	83040	1025767	[0,0.01,0.02,0.03,0.03,0.04,0.05,0.06,0.08]	[0,0.02,0.02,0.03,0.04,0.04,0.05,0.07,0.1]	0.07169	300	PASS	-6.341	9.638	FAIL	0.01	0.06	PASS
fb-leuk	unambiguous	all	inf	e9/l	PASS		KS,T,MAD	100	{e9/l:100}	NA	NA	NA	NA	NA	NA	NA	NA	78732	326277	[4.5,5.2,5.7,6.2,6.7,7.3,8,8.9,10.4]	[4.5,5.1,5.6,6.1,6.6,7.2,7.9,8.8,10.4]	0.01502	12.14	PASS	1.155	0.6056	PASS	0.1	4.2	PASS
p-kol-ldl	unambiguous	all	inf	mmol/l	PASS		KS,MAD	100	{mmol/l:100}	NA	NA	NA	NA	NA	NA	NA	NA	76381	340871	[1.3,1.5,1.7,2,2.2,2.5,2.9,3.3,3.8]	[1.3,1.5,1.8,2,2.3,2.6,2.9,3.3,3.8]	0.01498	11.87	PASS	-8.87	18.13	FAIL	0.1	2.1	PASS
b-tromb	unambiguous	all	inf	e9/l	PASS		KS,MAD	100	{e9/l:100}	NA	NA	NA	NA	NA	NA	NA	NA	75325	323076	[168,193,212,229,246,264,286,314,359]	[163,190,210,228,245,263,284,313,361]	0.01738	15.73	PASS	4.262	4.693	FAIL	1	144	PASS
p-ferrit	unambiguous	all	inf	ug/l	PASS		KS,MAD	100	{ug/l:100}	NA	NA	NA	NA	NA	NA	NA	NA	65227	414991	[12,19,28,39,54,76,111,168,282]	[14,23,34,48,67,96,142,225,419]	0.06448	203.5	PASS	-32.05	224.3	FAIL	13	147	PASS
p-kol	unambiguous	all	inf	mmol/l	PASS		KS,MAD	100	{mmol/l:100}	NA	NA	NA	NA	NA	NA	NA	NA	63616	235350	[3,3.4,3.7,4,4.3,4.6,4.9,5.3,5.9]	[3,3.4,3.7,4,4.3,4.6,5,5.4,5.9]	0.02581	28.69	PASS	-10.83	26.57	FAIL	0	2.4	PASS
p-kol-hdl	unambiguous	all	inf	mmol/l	PASS		KS,MAD	100	{mmol/l:100}	NA	NA	NA	NA	NA	NA	NA	NA	61186	221265	[0.97,1.09,1.2,1.3,1.4,1.51,1.64,1.8,2.03]	[0.96,1.09,1.2,1.3,1.4,1.51,1.63,1.79,2.02]	0.006668	1.552	PASS	3.295	3.007	FAIL	0	0.84	PASS
p-trigly	unambiguous	all	inf	mmol/l	PASS		KS,MAD	100	{mmol/l:100}	NA	NA	NA	NA	NA	NA	NA	NA	60123	219562	[0.72,0.88,1,1.12,1.28,1.44,1.66,1.97,2.51]	[0.7,0.84,0.97,1.1,1.24,1.4,1.62,1.92,2.49]	0.02554	26.44	PASS	3.294	3.006	FAIL	0.04	1.17	PASS
u-alb	unambiguous	all	inf	mg/l	PASS		KS,MAD	100	{mg/l:100,mg/ml:0,mg/mmol:0}	NA	NA	NA	NA	NA	NA	NA	NA	54532	245917	[3,4,5,7,9.4,14,24.3,45.9,123]	[3.7,5,6,9,13,21.6,42,102,337]	0.09064	300	PASS	-43.78	300	FAIL	3.6	27	PASS
ab-be	unambiguous	all	inf	mmol/l	PASS		MAD	99.97	{mmol/l:99.97,ml:0.01,%:0.01}	NA	NA	NA	NA	NA	NA	NA	NA	51793	328190	[-7.2,-4.9,-3.7,-2.8,-2.2,-1.6,-1.1,-0.7,-0.3]	[-4.6,-2.4,-0.8,0.2,1,1.9,2.9,4.2,6.3]	0.5976	300	FAIL	-214.8	300	FAIL	3.2	7.5	PASS
u-albkre	unambiguous	all	inf	mg/mmol	PASS		KS,T,MAD	100	{mg/mmol:100,g/mol:0}	NA	NA	NA	NA	NA	NA	NA	NA	51350	242711	[0.3,0.4,0.6,0.8,1.2,1.9,3.4,7,20.5]	[0.3,0.5,0.7,1,1.6,2.93,6.2,16.1,60.6]	0.08735	281.1	PASS	-1.504	0.8771	PASS	0.4	3.9	PASS
p-alb	unambiguous	all	inf	g/l	PASS		KS,MAD	100	{g/l:100,%:0}	NA	NA	NA	NA	NA	NA	NA	NA	50707	871017	[26,30,33,34.4,36,37,38,39.2,41]	[25,29,32,34,35.6,37,38,39.4,41]	0.04684	91.12	PASS	18.46	75.12	FAIL	0.4	10.8	PASS
l-lymf(a)	unambiguous	all	inf	%	PASS		KS,MAD	100	{%:100}	NA	NA	NA	NA	NA	NA	NA	NA	50575	589553	[14,19,22,26,28,31,34,38,44]	[12,17,21,24,27,30,34,38,44]	0.04815	93.6	PASS	21.39	100.4	FAIL	1	24	PASS
u-gluk-o	unambiguous	all	inf	estimate	PASS		KS,MAD	99.32	{estimate:99.32,form:0.67,A:0.01}	NA	NA	NA	NA	NA	NA	NA	NA	50094	123959	[0,0,0,0,0,0,0,0,0]	[0,0,0,0,0,0,0,0,0]	0.01279	4.772	PASS	4.153	4.483	FAIL	0	0	PASS
l-mono(a)	unambiguous	all	inf	%	PASS		KS,T,MAD	100	{%:100}	NA	NA	NA	NA	NA	NA	NA	NA	49710	589871	[6,7,8,8,9,10,11,12,13]	[6,7,8,8,9,10,11,12,13]	0.01509	8.778	PASS	-0.3129	0.1224	PASS	0	6	PASS
l-eos(a)	unambiguous	all	inf	%	PASS		KS,MAD	100	{%:100}	NA	NA	NA	NA	NA	NA	NA	NA	49328	92082	[0,1,2,2,2,3,4,5,6]	[0,1,2,2,2,3,4,4,6]	0.01863	9.385	PASS	7.774	14.11	FAIL	0	3	PASS
l-neut(a)	unambiguous	all	inf	%	PASS		KS,MAD	100	{%:100}	NA	NA	NA	NA	NA	NA	NA	NA	48891	591336	[41,47,51,54,58,61,64,68,74]	[41,48,52,55,59,62,66,70,77]	0.04974	96.86	PASS	-20.55	92.79	FAIL	1	27	PASS
u-nitr-o	unambiguous	all	inf	estimate	PASS		MAD	99.34	{estimate:99.34,form:0.66,A:0}	NA	NA	NA	NA	NA	NA	NA	NA	48610	124916	[0,0,0,0,0,0,0,0,0]	[0,0,0,0,0,0,0,0,0]	0.002219	0.0021	FAIL	7.498	13.18	FAIL	0	0	PASS
l-baso(a)	unambiguous	all	inf	%	PASS		KS,MAD	100	{%:100}	NA	NA	NA	NA	NA	NA	NA	NA	48073	93266	[0,0,0,1,1,1,1,1,1]	[0,0,1,1,1,1,1,1,1]	0.1053	300	PASS	-33.13	238.5	FAIL	0	0	PASS
s-b12-tc2	unambiguous	all	inf	pmol/l	PASS		KS,MAD	100	{pmol/l:100,>35:0}	NA	NA	NA	NA	NA	NA	NA	NA	46049	176305	[51,65,76,87,97,107,117,130,160]	[52,66,76.7,86,95.1,105,114,124,138]	0.07662	186.1	PASS	25.21	138.8	FAIL	1.9	71.7	PASS
p-bil	unambiguous	all	inf	umol/l	PASS		KS,T,MAD	100	{umol/l:100}	NA	NA	NA	NA	NA	NA	NA	NA	45724	1373482	[5,6,7,8,9,11,13,17,26]	[5,6,7,8,9,11,13,16.4,25]	0.02996	34.25	PASS	-1.015	0.5087	PASS	0	9	PASS
vb-be	unambiguous	all	inf	mmol/l	PASS		MAD	100	{mmol/l:100}	NA	NA	NA	NA	NA	NA	NA	NA	45224	126464	[-7.4,-5.3,-4,-3.1,-2.4,-1.8,-1.2,-0.7,-0.3]	[-3.4,-0.8,0.3,1,1.7,2.4,3.2,4.2,5.9]	0.7177	300	FAIL	-237.5	300	FAIL	4.1	5.4	PASS
u-suhtih	unambiguous	all	inf	kg/l	PASS		KS,MAD	99.91	{kg/l:99.91,ratio:0.09}	NA	NA	NA	NA	NA	NA	NA	NA	41980	4621	[1.009,1.011,1.013,1.015,1.016,1.018,1.02,1.022,1.025]	[1.01,1.01,1.01,1.01,1.015,1.015,1.015,1.02,1.02]	0.2869	300	PASS	19.31	81.95	FAIL	0.001	0.015	PASS
p-probnp	unambiguous	all	inf	ng/l	PASS		KS,MAD	100	{ng/l:100}	NA	NA	NA	NA	NA	NA	NA	NA	41742	317489	[81.2,133,212,339,557,909,1400,2226,4150]	[81,146,245,412,694,1144,1848,3078,6209]	0.06255	125.2	PASS	-36.13	282.8	FAIL	137	1797	PASS
u-alb-o	unambiguous	all	inf	estimate	PASS		MAD	99.75	{estimate:99.75,form:0.25,A:0}	NA	NA	NA	NA	NA	NA	NA	NA	41487	115410	[0,0,0,0,0,0,0,0,0]	[0,0,0,0,0,0,0,0,0]	0.001723	4.801e-06	FAIL	3.841	3.911	FAIL	0	0	PASS
u-eryt-o	unambiguous	all	inf	estimate	PASS		KS,MAD	99.32	{estimate:99.32,form:0.68,eru/ul:0}	NA	NA	NA	NA	NA	NA	NA	NA	40408	103675	[0,0,0,0,0,0,0,0,0]	[0,0,0,0,0,0,0,0,0]	0.01762	7.542	PASS	7.352	12.7	FAIL	0	0	PASS
u-leuk-o	unambiguous	all	inf	estimate	PASS		KS,MAD	99.05	{estimate:99.05,form:0.86,u/field:0.05}	NA	NA	NA	NA	NA	NA	NA	NA	39070	102823	[0,0,0,0,0,0,0,0,0]	[0,0,0,0,0,0,0,0,0]	0.04048	40.02	PASS	8.497	16.7	FAIL	0	0	PASS
p-psa-v	unambiguous	all	inf	ug/l	PASS		KS,MAD	99.99	{ug/l:99.99,form:0.01,%:0}	NA	NA	NA	NA	NA	NA	NA	NA	38749	112779	[0.22,0.34,0.44,0.54,0.65,0.78,0.92,1.11,1.54]	[0.23,0.34,0.45,0.56,0.69,0.8,1,1.24,1.7]	0.03831	36.5	PASS	-14.76	48.53	FAIL	0.04	0.96	PASS
p-d-25	unambiguous	all	inf	nmol/l	PASS		KS,MAD	100	{nmol/l:100}	NA	NA	NA	NA	NA	NA	NA	NA	38136	55698	[47,58,66,74,80,88,96,107,124]	[47,57,64,71,77,84,93,103,120]	0.04512	39.75	PASS	12.95	37.58	FAIL	3	54	PASS
s-k/l-s-v	unambiguous	all	inf	ratio	PASS		KS,T,MAD	99.15	{ratio:99.15,1:0.69,mg/l:0.16}	NA	NA	NA	NA	NA	NA	NA	NA	37845	2440	[0.17,0.77,1.02,1.21,1.4,1.63,2.01,3.43,14.3]	[0.12,0.79,0.987,1.19,1.445,1.76,3.09,10,30.9]	0.09994	19.66	PASS	1.872	1.213	PASS	0.045	2.445	PASS
p-uraat	unambiguous	all	inf	umol/l	PASS		KS,MAD	98.74	{umol/l:98.74,mmol/l:1.26}	NA	NA	NA	NA	NA	NA	NA	NA	37349	226170	[246,288,322,352,383,416,450,492,549]	[225,266,298,327,355,385,420,463,526]	0.09324	242.3	PASS	37.07	296.1	FAIL	28	234	PASS
p-tfr	unambiguous	all	inf	mg/l	PASS		KS,MAD	100	{mg/l:100}	NA	NA	NA	NA	NA	NA	NA	NA	35470	152638	[2.1,2.5,2.9,3.2,3.6,4.1,4.8,5.8,7.6]	[0.8,1.3,2.1,2.5,2.9,3.3,3.8,4.6,6.2]	0.2205	300	PASS	57.95	300	FAIL	0.7	3.9	PASS
cb-be	unambiguous	all	inf	mmol/l	PASS		MAD	100	{mmol/l:100}	NA	NA	NA	NA	NA	NA	NA	NA	35397	63825	[-6.6,-4.6,-3.3,-2.4,-1.6,-1,-0.6,-0.2,2.1]	[-2.8,0,0.7,1.3,2,2.8,3.8,5.2,7.7]	0.6426	300	FAIL	-151.6	300	FAIL	3.6	5.7	PASS
p-gluk	unambiguous	all	inf	mmol/l	PASS		KS,MAD	99.96	{mmol/l:99.96,mmol:0.04,%:0}	NA	NA	NA	NA	NA	NA	NA	NA	34144	1187899	[5,5.5,5.8,6,6.4,7,7.6,8.8,11.4]	[5.1,5.5,5.8,6.2,6.6,7.1,7.8,8.8,10.8]	0.05818	97.42	PASS	3.376	3.133	FAIL	0.2	3.6	PASS
p-tnt	unambiguous	all	inf	ng/l	PASS		KS,MAD	99.98	{ng/l:99.98,ug/l:0.02}	NA	NA	NA	NA	NA	NA	NA	NA	32882	400476	[7,9,11,15,18,23,30,42,74]	[7,9,12,15,19,25,34,51,105]	0.04301	48.55	PASS	-29.17	185.6	FAIL	1	33	PASS
b-erblast	unambiguous	all	inf	e9/l	PASS		KS,MAD	100	{e9/l:100}	NA	NA	NA	NA	NA	NA	NA	NA	32727	313993	[0,0,0,0,0,0,0,0,0]	[0,0,0,0,0,0,0,0,0]	0.01589	6.201	PASS	-5.589	7.64	FAIL	0	0	PASS
u-eryt	unambiguous	all	inf	e6/l	PASS		KS,T,MAD	98.22	{e6/l:98.22,u/field:0.92,form:0.43}	NA	NA	NA	NA	NA	NA	NA	NA	32307	273729	[1,3,4.2,6.4,9,12.9,19,32,98]	[2.2,4,6,7.8,10,13,19,30.9,86.7]	0.07847	154.5	PASS	1.079	0.552	PASS	1	19.5	PASS
l-monos	unambiguous	all	inf	%	PASS		KS,MAD	99.4	{%:99.4,e9/l:0.6}	NA	NA	NA	NA	NA	NA	NA	NA	31982	434345	[6,7,8,8,9,10,11,12,13]	[5,7,7.4,8,9,10,10.1,11.7,13]	0.03094	24.48	PASS	2.533	1.947	FAIL	0	6	PASS
u-leuk	unambiguous	all	inf	e6/l	PASS		KS,MAD	99.11	{e6/l:99.11,u/field:0.6,/sunf:0.27}	NA	NA	NA	NA	NA	NA	NA	NA	31533	294630	[0.9,1,2,3,5,9,20,62,352]	[0.8,1,2,3,5,8,17,46,215.4]	0.02652	17.11	PASS	3.312	3.033	FAIL	0	12	PASS
fs-ph	unambiguous	all	inf	ph	PASS		T,MAD	100	{ph:100}	NA	NA	NA	NA	NA	NA	NA	NA	30426	986	[7.34,7.36,7.37,7.38,7.39,7.4,7.41,7.42,7.44]	[7.38,7.4,7.41,7.42,7.43,7.43,7.44,7.45,7.47]	0.3803	123.9	FAIL	0.9998	0.4983	PASS	0.04	0.06	PASS
u-lier	unambiguous	all	inf	e6/l	PASS		KS,MAD	100	{e6/l:100,u/field:0}	NA	NA	NA	NA	NA	NA	NA	NA	27795	195509	[0,0,0,0,0,0,0,0.28,1]	[0,0,0,0,0,0,0.13,0.81,1.22]	0.07674	124.4	PASS	-3.19	2.846	FAIL	0	0	PASS
ca++/7.40	unambiguous	all	inf	mmol/l	PASS		KS,MAD	100	{mmol/l:100}	NA	NA	NA	NA	NA	NA	NA	NA	27236	98721	[1.18,1.2,1.2,1.22,1.24,1.25,1.27,1.3,1.33]	[1.14,1.18,1.21,1.22,1.23,1.24,1.26,1.27,1.31]	0.1308	300	PASS	28.23	173.2	FAIL	0.01	0.12	PASS
fe-folaat	unambiguous	all	inf	nmol/l	PASS		KS,MAD	100	{nmol/l:100}	NA	NA	NA	NA	NA	NA	NA	NA	27179	76605	[313.8,397,479,591,763,1023,1310,1617,2032]	[354,452,568,727,968,1302,1580,1854,2290]	0.0981	167.8	PASS	-31.74	218.3	FAIL	205	1626	PASS
ca-ion	unambiguous	all	inf	mmol/l	PASS		KS,MAD	100	{mmol/l:100}	NA	NA	NA	NA	NA	NA	NA	NA	27103	99174	[1.18,1.2,1.21,1.23,1.24,1.26,1.28,1.3,1.33]	[1.14,1.18,1.21,1.23,1.24,1.26,1.27,1.29,1.33]	0.1065	210	PASS	3.516	3.358	FAIL	0	0.12	PASS
fs-folaat	unambiguous	all	inf	nmol/l	PASS		KS,MAD	100	{nmol/l:100}	NA	NA	NA	NA	NA	NA	NA	NA	26201	163881	[6.9,9,11,13.4,16.5,21.2,28.1,37.5,51.3]	[7.5,9.7,11.9,14.2,17,20.8,25.9,32.9,42.5]	0.05583	60.91	PASS	12.86	37.01	FAIL	0.5	23.1	PASS
p-amyl	unambiguous	all	inf	u/l	PASS		KS,MAD	100	{u/l:100,umol/l:0}	NA	NA	NA	NA	NA	NA	NA	NA	25909	342864	[29,37,43,49,54,60,68,79,100]	[26,34,40,46,52,59,68,80,104]	0.04506	42.22	PASS	-10.48	24.94	FAIL	2	51	PASS
p-ca	unambiguous	all	inf	mmol/l	PASS		KS,MAD	100	{mmol/l:100}	NA	NA	NA	NA	NA	NA	NA	NA	25232	398875	[2.19,2.25,2.28,2.31,2.34,2.37,2.4,2.44,2.51]	[2.21,2.27,2.31,2.34,2.37,2.4,2.44,2.47,2.53]	0.1131	264	PASS	-27.83	167.5	FAIL	0.03	0.24	PASS
s-ca-ion	unambiguous	all	inf	mmol/l	PASS		KS,MAD	100	{mmol/l:100,mmol:0}	NA	NA	NA	NA	NA	NA	NA	NA	25228	460363	[1.15,1.19,1.21,1.22,1.24,1.25,1.27,1.3,1.34]	[1.14,1.18,1.2,1.21,1.23,1.24,1.26,1.28,1.31]	0.08416	147.1	PASS	17.07	64.23	FAIL	0.01	0.12	PASS
p-psa-suh	unambiguous	all	inf	%	PASS		KS,MAD	98.61	{%:98.61,form:1.12,ug/l:0.27}	NA	NA	NA	NA	NA	NA	NA	NA	24324	93815	[0.22,8,12,15,18,20.6,24,28,33.4]	[9,12,14,16.8,19,22,25,29,36]	0.1437	300	PASS	-34.01	248.9	FAIL	1	21	PASS
l-neut	unambiguous	all	inf	%	PASS		KS,MAD	98.82	{%:98.82,e9/l:1.18,osuus:0}	NA	NA	NA	NA	NA	NA	NA	NA	24292	378382	[3,5,26,44,51,56,60,65,72]	[42,48,52,55.5,59,62,65.8,70,76]	0.2855	300	PASS	-95.31	300	FAIL	8	27	PASS
p-asat	unambiguous	all	inf	u/l	PASS		KS,MAD	99.95	{u/l:99.95,umol/l:0.05,u/l37:0}	NA	NA	NA	NA	NA	NA	NA	NA	21437	444944	[18,21,24,26,29,34,40,50,73]	[17,19,22,24,27,30,35,44,70]	0.07473	99.06	PASS	-6.551	10.24	FAIL	2	24	PASS
pt-glomerulussuodosnopeus,ckd-epi-kaava	unambiguous	all	inf	ml/min/173m2	PASS		KS,MAD	99.79	{ml/min/173m2:99.79,form:0.21}	NA	NA	NA	NA	NA	NA	NA	NA	21278	5606	[37,50,60,68,76,82,88,94,102]	[38,49,58,65,72,79,84,89,95]	0.08278	26.17	PASS	7.857	14.36	FAIL	4	48	PASS
l-eos	unambiguous	all	inf	%	PASS		KS,MAD	99.56	{%:99.56,e9/l:0.44}	NA	NA	NA	NA	NA	NA	NA	NA	21035	943101	[0,0.9,1,1.9,2,3,3.2,4.5,6.7]	[0,1,1,2,2,3,3.9,4,6]	0.07866	110.5	PASS	-5.805	8.186	FAIL	0	3	PASS
l-neutr	unambiguous	all	inf	%	PASS		KS,MAD	99.66	{%:99.66,e9/l:0.34,e9:0}	NA	NA	NA	NA	NA	NA	NA	NA	20786	86911	[43,49,53,56,59,63,66,70,75]	[44,49,53,56,59,62.4,66,70,76]	0.01062	1.344	PASS	-1.989	1.33	FAIL	0	24	PASS
p-t4v	unambiguous	all	inf	pmol/l	PASS		KS,MAD	100	{pmol/l:100}	NA	NA	NA	NA	NA	NA	NA	NA	20631	90250	[12.2,13.4,14.2,14.9,15.6,16.3,17.2,18.3,20]	[12.7,13.8,14.6,15.3,16,16.7,17.5,18.5,20]	0.05244	39.84	PASS	-10.15	23.46	FAIL	0.4	5.7	PASS
s-b12-vit	unambiguous	all	inf	pmol/l	PASS		KS,MAD	100	{pmol/l:100,u:0,pmol/:0}	NA	NA	NA	NA	NA	NA	NA	NA	20253	76516	[227,280,325,369.8,416,475,549,648,833.8]	[232,281,321,361,403,452,513,601,768]	0.04909	33.26	PASS	9.371	20.12	FAIL	13	354	PASS
l-eosin	unambiguous	all	inf	%	PASS		KS,MAD	100	{%:100}	NA	NA	NA	NA	NA	NA	NA	NA	19850	82334	[1,1,2,2,3,3,4,5,7]	[1,1,2,2,3,3,4,5,6]	0.01271	1.946	PASS	2.05	1.394	FAIL	0	3	PASS
l-lymfos	unambiguous	all	inf	%	PASS		KS,T,MAD	100	{%:100}	NA	NA	NA	NA	NA	NA	NA	NA	19507	83976	[13,17,21,24,26,29,32,36,41]	[13,18,21,24,27,30,33,36,42]	0.01769	4.007	PASS	-1.247	0.6725	PASS	1	21	PASS
b-eosin	unambiguous	all	inf	e9/l	PASS		T,MAD	100	{e9/l:100}	NA	NA	NA	NA	NA	NA	NA	NA	19470	12143	[0.04,0.08,0.11,0.14,0.17,0.2,0.25,0.32,0.44]	[0.04,0.08,0.11,0.14,0.17,0.21,0.25,0.31,0.44]	0.009386	0.2823	FAIL	0.6836	0.3061	PASS	0	0.27	PASS
b-basof	unambiguous	all	inf	e9/l	PASS		KS,MAD	100	{e9/l:100}	NA	NA	NA	NA	NA	NA	NA	NA	19467	4729	[0.02,0.03,0.03,0.04,0.04,0.05,0.06,0.07,0.08]	[0.02,0.02,0.03,0.04,0.04,0.05,0.05,0.06,0.08]	0.04426	6.188	PASS	7.342	12.63	FAIL	0	0.06	PASS
oma-crp	unambiguous	all	inf	mg/l	PASS		KS,MAD	100	{mg/l:100}	NA	NA	NA	NA	NA	NA	NA	NA	19395	1347	[6,8,12,16,22,30,43,61,97]	[6,8,10,13.4,19,26,36,53,81]	0.05588	3.135	PASS	3.898	3.995	FAIL	3	36	PASS
l-basof	unambiguous	all	inf	%	PASS		KS,MAD	100	{%:100}	NA	NA	NA	NA	NA	NA	NA	NA	19372	84295	[0,0,1,1,1,1,1,1,1]	[0,0,1,1,1,1,1,1,1]	0.02438	7.839	PASS	9.946	22.54	FAIL	0	0	PASS
p-ca-albk	unambiguous	all	inf	mmol/l	PASS		KS,MAD	99.95	{mmol/l:99.95,form:0.05,mmol:0}	NA	NA	NA	NA	NA	NA	NA	NA	18787	165601	[2.29,2.34,2.37,2.4,2.43,2.46,2.5,2.54,2.61]	[2.34,2.39,2.42,2.44,2.47,2.5,2.53,2.57,2.63]	0.1533	300	PASS	-33.47	239.1	FAIL	0.04	0.21	PASS
oma-gluk	unambiguous	all	inf	mmol/l	PASS		KS,MAD	100	{mmol/l:100}	NA	NA	NA	NA	NA	NA	NA	NA	18526	53	[5.4,6.1,6.8,7.5,8.4,9.3,10.5,12.1,14.7]	[5.22,5.74,6.1,6.4,6.7,7.12,8,8.6,11.12]	0.2829	3.519	PASS	5.572	6.065	FAIL	1.7	3.3	PASS
l-lymf	unambiguous	all	inf	%	PASS		KS,MAD	99.19	{%:99.19,e9/l:0.81}	NA	NA	NA	NA	NA	NA	NA	NA	17904	287281	[10,15.7,19,23,27,31,35,40.7,49]	[12.2,18,21.2,25,28,31,34,38,44]	0.06203	56.09	PASS	2.888	2.411	FAIL	1	24	PASS
p-ck	unambiguous	all	inf	u/l	PASS		KS,MAD	100	{u/l:100}	NA	NA	NA	NA	NA	NA	NA	NA	17884	260950	[46,62,75,90,108,132,170,242,408]	[43,58,71,86,104,129,169,252,545]	0.03096	13.64	PASS	-14.78	48.52	FAIL	4	150	PASS
l-baso	unambiguous	all	inf	%	PASS		KS,T,MAD	99.56	{%:99.56,e9/l:0.43,e/l:0}	NA	NA	NA	NA	NA	NA	NA	NA	17832	929790	[0,0,0,0.5,1,1,1,1,1]	[0,0,0,1,1,1,1,1,1]	0.06566	65.34	PASS	-1.507	0.8803	PASS	0	0	PASS
u-epit	unambiguous	all	inf	e6/l	PASS		KS,MAD	99.79	{e6/l:99.79,u/field:0.19,u:0.02}	NA	NA	NA	NA	NA	NA	NA	NA	17041	168981	[0,1,1,1.3,2,3,4,7,13.9]	[0.2,1,1,1.9,2.1,3.2,5,8.1,17]	0.05283	37.26	PASS	-7.444	12.99	FAIL	0.1	5.1	PASS
s-ph(akt)	unambiguous	all	inf	ph	PASS		KS,MAD	100	{ph:100}	NA	NA	NA	NA	NA	NA	NA	NA	16689	97118	[7.35,7.37,7.38,7.39,7.4,7.4,7.41,7.42,7.44]	[7.34,7.36,7.38,7.39,7.4,7.41,7.42,7.43,7.45]	0.08177	82.55	PASS	-6.558	10.25	FAIL	0	0.09	PASS
s-ca(7.4)	unambiguous	all	inf	mmol/l	PASS		KS,MAD	99.92	{mmol/l:99.92,nmol/l:0.08}	NA	NA	NA	NA	NA	NA	NA	NA	16479	115503	[1.18,1.2,1.22,1.23,1.24,1.25,1.27,1.28,1.32]	[1.12,1.16,1.19,1.21,1.22,1.24,1.25,1.27,1.31]	0.1684	300	PASS	41.94	300	FAIL	0.02	0.12	PASS
s-d-25	unambiguous	all	inf	nmol/l	PASS		KS,MAD	100	{nmol/l:100,mmol/l:0,nmol/:0}	NA	NA	NA	NA	NA	NA	NA	NA	15488	380278	[46,55,63,70,76,83,91,102,119]	[46,56,63,69,76,82,90,100,116]	0.01806	3.92	PASS	3.389	3.153	FAIL	0	51	PASS
f-calpro	unambiguous	all	inf	ug/g	PASS		KS,MAD	100	{ug/g:100,ug/l:0,<100:0}	NA	NA	NA	NA	NA	NA	NA	NA	13481	130650	[17,27,39,57,85,128,202,355,793]	[14,23,35,54,81,128,213,394,911]	0.03991	16.62	PASS	-2.589	2.017	FAIL	4	195	PASS
psa-v/psa	unambiguous	all	inf	%	PASS		KS,MAD	100	{%:100}	NA	NA	NA	NA	NA	NA	NA	NA	13123	25355	[9.6,12.4,14.9,17.2,19.4,21.8,24.4,27.9,33]	[8.4,11,13.3,15.6,17.8,20.2,23,26.6,32.4]	0.07635	43.56	PASS	11.31	28.84	FAIL	1.6	18.3	PASS
fp-transf	unambiguous	all	inf	g/l	PASS		KS,MAD	100	{g/l:100}	NA	NA	NA	NA	NA	NA	NA	NA	12877	145101	[1.8,2,2.1,2.25,2.4,2.55,2.7,2.97,3.2]	[1.52,1.74,1.9,2.04,2.2,2.31,2.5,2.7,3]	0.1739	300	PASS	41	300	FAIL	0.2	1.2	PASS
s-cdt	unambiguous	all	inf	%	PASS		KS,MAD	99.96	{%:99.96,u/l:0.04,mg/l:0}	NA	NA	NA	NA	NA	NA	NA	NA	12412	89588	[1.2,1.4,1.5,1.6,1.6,1.7,1.9,2.1,2.9]	[0.8,1.1,1.3,1.4,1.5,1.6,1.7,1.9,2.3]	0.168	268.7	PASS	30.98	203.9	FAIL	0.1	0.9	PASS
s-ca-iona	unambiguous	all	inf	mmol/l	PASS		KS,MAD	100	{mmol/l:100}	NA	NA	NA	NA	NA	NA	NA	NA	12310	382583	[1.13,1.17,1.19,1.21,1.23,1.24,1.26,1.28,1.32]	[1.14,1.18,1.2,1.22,1.23,1.25,1.26,1.29,1.32]	0.03877	15.28	PASS	-8.903	18.21	FAIL	0	0.12	PASS
u-osmole	unambiguous	all	inf	mosm/kgh2o	PASS		KS,MAD	100	{mosm/kgh2o:100}	NA	NA	NA	NA	NA	NA	NA	NA	12041	70656	[367.1,439,494,546,594,645,704,772,869]	[347,415,470,522,570,625,687,762,869]	0.05429	26.07	PASS	8.608	17.09	FAIL	24	411	PASS
s-ca(akt)	unambiguous	all	inf	mmol/l	PASS		KS,MAD	100	{mmol/l:100}	NA	NA	NA	NA	NA	NA	NA	NA	11965	86219	[1.18,1.2,1.22,1.23,1.24,1.26,1.27,1.29,1.33]	[1.11,1.15,1.18,1.2,1.22,1.23,1.25,1.27,1.31]	0.2275	300	PASS	45.34	300	FAIL	0.02	0.15	PASS
p-fidd	unambiguous	all	inf	mg/l	PASS		KS,MAD	100	{mg/l:100,mikrog/ml:0,ug/l:0}	NA	NA	NA	NA	NA	NA	NA	NA	11921	116864	[0.3,0.3,0.4,0.5,0.6,0.8,1,1.6,3]	[0.22,0.3,0.4,0.6,0.7,1,1.45,2.2,4.5]	0.09387	82.68	PASS	-15.37	52.23	FAIL	0.1	1.2	PASS
e-retik	unambiguous	all	inf	%	PASS		KS,MAD	99.98	{%:99.98,pg:0.01,e9/l:0}	NA	NA	NA	NA	NA	NA	NA	NA	11850	121587	[0.8,1,1.2,1.3,1.5,1.7,2,2.3,3]	[0.9,1.1,1.3,1.5,1.7,1.9,2.2,2.7,3.7]	0.1009	95.46	PASS	-17.23	65.1	FAIL	0.2	1.5	PASS
p-mg	unambiguous	all	inf	mmol/l	PASS		KS,MAD	100	{mmol/l:100}	NA	NA	NA	NA	NA	NA	NA	NA	11663	247746	[0.64,0.7,0.74,0.78,0.81,0.84,0.86,0.9,0.95]	[0.64,0.7,0.74,0.77,0.8,0.83,0.85,0.89,0.94]	0.03658	12.66	PASS	2.487	1.89	FAIL	0.01	0.24	PASS
hdl/kol.	unambiguous	all	inf	%	PASS		KS,MAD	100	{%:100}	NA	NA	NA	NA	NA	NA	NA	NA	11554	1944	[23,27,30,33,36,38,41,45,49]	[21,24,28,31,33,36,40,44,49]	0.08928	11.26	PASS	6.185	9.141	FAIL	3	24	PASS
fp-fe	unambiguous	all	inf	umol/l	PASS		KS,T,MAD	100	{umol/l:100,µmol/l:0,ug/l:0}	NA	NA	NA	NA	NA	NA	NA	NA	11441	141949	[5,7,8.3,10,11.9,13.9,16,18.6,22.5]	[5,7,8.8,10.3,11.9,13.5,15.5,18,22]	0.0345	10.66	PASS	1.946	1.287	PASS	0	12.9	PASS
fs-ca-ion	unambiguous	all	inf	mmol/l	PASS		KS,T,MAD	100	{mmol/l:100}	NA	NA	NA	NA	NA	NA	NA	NA	10674	11278	[1.19,1.22,1.23,1.24,1.25,1.27,1.28,1.3,1.33]	[1.16,1.2,1.21,1.23,1.24,1.26,1.27,1.3,1.35]	0.1108	58.38	PASS	1	0.4985	PASS	0.01	0.12	PASS
b-erytroblastit	unambiguous	all	inf	e9/l	PASS		KS,MAD	100	{e9/l:100}	NA	NA	NA	NA	NA	NA	NA	NA	10413	151946	[0,0,0,0,0,0,0,0,0]	[0,0,0,0,0,0,0,0,0]	0.03878	12.44	PASS	-16.37	59.48	FAIL	0	0	PASS
b-lymf	unambiguous	all	inf	e9/l	PASS		KS,MAD	98.41	{e9/l:98.41,%:1.59}	NA	NA	NA	NA	NA	NA	NA	NA	10345	274860	[0.97,1.2,1.41,1.6,1.81,2.02,2.28,2.65,3.27]	[0.86,1.14,1.36,1.55,1.74,1.95,2.19,2.5,2.99]	0.04146	14.6	PASS	2.265	1.628	FAIL	0.07	1.59	PASS
u-prot-o	unambiguous	all	inf	form	PASS		KS,MAD	99.89	{form:99.89,mg/dl:0.11}	NA	NA	NA	NA	NA	NA	NA	NA	9841	936	[0,0,0,0,0,0,0,0,0]	[0,0,0,0,0,0,0,0,1]	0.0477	1.403	PASS	-3.535	3.37	FAIL	0	0	PASS
s-t4-v	unambiguous	all	inf	pmol/l	PASS		KS,MAD	100	{pmol/l:100,pmol:0}	NA	NA	NA	NA	NA	NA	NA	NA	9620	242548	[11,12,12,13,13,14,14,15,17]	[11,12,12.9,13.1,14,14.5,15.1,16.01,17.5]	0.1595	205.4	PASS	-15.17	50.7	FAIL	1	5.1	PASS
cp-gluk-hy	unambiguous	all	inf	mmol/l	PASS		KS,T,MAD	100	{mmol/l:100}	NA	NA	NA	NA	NA	NA	NA	NA	9618	6395	[5.3,6.5,7.5,8.5,9.5,10.6,11.9,13.4,15.63]	[5.4,6.5,7.5,8.5,9.5,10.4,11.6,13.3,15.6]	0.02333	1.524	PASS	-1.273	0.6925	PASS	0	7.8	PASS
u-levyep	unambiguous	all	inf	e6/l	PASS		KS,MAD	99.53	{e6/l:99.53,u/field:0.47}	NA	NA	NA	NA	NA	NA	NA	NA	9564	81771	[0,0,0,0,1,1.38,3,5,12]	[0,0,0,0,1,1,2,4,9]	0.04728	16.35	PASS	5.831	8.249	FAIL	0	3	PASS
nu-albkrea	unambiguous	all	inf	mg/mmol	PASS		KS,MAD	100	{mg/mmol:100}	NA	NA	NA	NA	NA	NA	NA	NA	9489	11440	[0.2,0.4,0.5,0.7,1,1.6,2.8,6,17.9]	[0.3,0.5,0.7,0.9,1.3,2.1,3.8,8.2,27.3]	0.09283	38.62	PASS	-6.81	11	FAIL	0.3	2.7	PASS
u-pienep	unambiguous	all	inf	e6/l	PASS		KS,MAD	100	{e6/l:100}	NA	NA	NA	NA	NA	NA	NA	NA	9322	65516	[0,0,0,0,0,0,1,2,4]	[0,0,0,0,0,0.9,1,2,4]	0.07196	36.47	PASS	-2.065	1.41	FAIL	0	0	PASS
p-b12-vit	unambiguous	all	inf	pmol/l	PASS		KS,MAD	100	{pmol/l:100}	NA	NA	NA	NA	NA	NA	NA	NA	9309	37068	[194,243,284,325,371,422,484.6,575,717]	[208,258,299,339,381,429,489,575,748]	0.04048	10.3	PASS	-6.843	11.1	FAIL	10	351	PASS
p-iga	unambiguous	all	inf	g/l	PASS		KS,MAD	100	{g/l:100}	NA	NA	NA	NA	NA	NA	NA	NA	9261	52540	[1.07,1.4,1.62,1.9,2.1,2.4,2.73,3.2,4.14]	[0.74,1.16,1.46,1.73,2.03,2.37,2.77,3.35,4.51]	0.08569	50.02	PASS	-6.184	9.195	FAIL	0.07	2.46	PASS
p-crp-o	unambiguous	all	inf	mg/l	PASS		KS,MAD	99.99	{mg/l:99.99,u/l:0.01}	NA	NA	NA	NA	NA	NA	NA	NA	9070	29537	[7,9,13,18,24,33,45,65,98]	[6,8,11,14,20,28,40,58,91]	0.07469	33.38	PASS	8.722	17.52	FAIL	4	39	PASS
cb-pco2	unambiguous	all	inf	kpa	PASS		KS,MAD	100	{kpa:100}	NA	NA	NA	NA	NA	NA	NA	NA	9020	107724	[4.2,4.7,5,5,5,5.3,5.7,6,6.7]	[4.2,4.5,4.7,4.9,5.1,5.3,5.6,5.9,6.6]	0.1277	118	PASS	3.495	3.322	FAIL	0.1	1.5	PASS
fp-pi	unambiguous	all	inf	mmol/l	PASS		KS,MAD	100	{mmol/l:100}	NA	NA	NA	NA	NA	NA	NA	NA	8501	175039	[0.79,0.9,0.97,1.02,1.09,1.15,1.21,1.32,1.53]	[0.78,0.9,0.99,1.07,1.16,1.25,1.38,1.56,1.85]	0.1471	152.8	PASS	-25.74	140.7	FAIL	0.07	0.72	PASS
p-inr-vt	unambiguous	all	inf	inr	FAIL			100	{inr:100}	NA	NA	NA	NA	NA	NA	NA	NA	8490	1439	[1.3,1.8,2,2.1,2.3,2.4,2.6,2.9,3.3]	[1,1,1,1,1.1,1.3,1.9,2.4,2.9]	0.513	297.6	FAIL	23.73	115.8	FAIL	1.2	0.3	FAIL
s-pappa	unambiguous	all	inf	mu/l	PASS		KS,MAD	99.6	{mu/l:99.6,form:0.4}	NA	NA	NA	NA	NA	NA	NA	NA	8224	33750	[255,395.6,526.9,664,821.8,1000,1220,1550,2150]	[274,425.8,563.9,706.9,859.3,1045,1280,1621,2233]	0.02923	4.616	PASS	-2.7	2.159	FAIL	37.5	1286	PASS
fp-ca	unambiguous	all	inf	mmol/l	PASS		KS,MAD	100	{mmol/l:100}	NA	NA	NA	NA	NA	NA	NA	NA	8213	53240	[2.23,2.29,2.31,2.35,2.38,2.4,2.44,2.49,2.56]	[2.19,2.25,2.29,2.33,2.35,2.38,2.42,2.45,2.51]	0.09767	58.81	PASS	19.21	80.19	FAIL	0.03	0.24	PASS
p-t3-v	unambiguous	all	inf	pmol/l	PASS		KS,T,MAD	100	{pmol/l:100}	NA	NA	NA	NA	NA	NA	NA	NA	8128	73848	[3.5,3.9,4.1,4.3,4.5,4.8,5,5.4,6.2]	[3.5,3.8,4.1,4.3,4.6,4.8,5.1,5.5,6.2]	0.02548	3.835	PASS	-0.6474	0.2862	PASS	0.1	1.8	PASS
s-iglck-v	unambiguous	all	inf	mg/l	PASS		KS,MAD	100	{mg/l:100}	NA	NA	NA	NA	NA	NA	NA	NA	7863	39058	[9.6,13.9,18.4,23.5,30,40,55.6,89.4,217]	[7.8,12.1,16.2,21,27.1,35.7,50.3,81.2,172]	0.05047	14.2	PASS	2.728	2.195	FAIL	2.9	49.8	PASS
cb-hco3-st	unambiguous	all	inf	mmol/l	PASS		KS,MAD	100	{mmol/l:100}	NA	NA	NA	NA	NA	NA	NA	NA	7851	64095	[20.9,22.4,23.9,24.7,25.3,26.1,27.2,28.8,31.2]	[21,22.4,23.3,24,25,25.6,26.3,27.5,29.5]	0.1018	62.85	PASS	12.91	37.09	FAIL	0.3	6	PASS
s-iglcl-v	unambiguous	all	inf	mg/l	PASS		KS,MAD	100	{mg/l:100}	NA	NA	NA	NA	NA	NA	NA	NA	7659	38838	[6.5,9.76,12.8,16,19.6,24.98,32.9,49.8,124]	[6.1,9.2,12,15.1,19,23.9,31.8,48.6,118]	0.03221	5.475	PASS	-2.994	2.559	FAIL	0.6	31.5	PASS
p-ck-mbm	unambiguous	all	inf	ug/l	PASS		KS,MAD	100	{ug/l:100}	NA	NA	NA	NA	NA	NA	NA	NA	7151	69812	[1.3,1.7,2,2.2,2.6,3,3.7,4.9,7.7]	[1.1,1.5,1.9,2.2,2.8,3.4,4.5,7.1,18]	0.09072	46.18	PASS	-19.41	82.2	FAIL	0.2	4.2	PASS
crp	unambiguous	all	inf	mg/l	PASS		T,MAD	100	{mg/l:100}	NA	NA	NA	NA	NA	NA	NA	NA	7015	71	[6,9,12,16,22,30,42,58,90]	[6,8,12,16,25,38,58,64,88]	0.1088	0.4554	FAIL	-0.649	0.2853	PASS	3	57	PASS
b-be	unambiguous	all	inf	mmol/l	PASS		MAD	100	{mmol/l:100}	NA	NA	NA	NA	NA	NA	NA	NA	6693	19712	[-7.9,-5.9,-4.7,-3.6,-2.8,-2.1,-1.4,-0.8,-0.3]	[0.5,1.1,1.7,2.3,3,3.9,5,6.6,9.2]	0.9412	300	FAIL	-136.1	300	FAIL	5.8	6	PASS
s-testo	unambiguous	all	inf	nmol/l	PASS		KS,T,MAD	99.93	{nmol/l:99.93,pmol/l:0.03,form:0.03}	NA	NA	NA	NA	NA	NA	NA	NA	6667	77590	[3.4,6.8,8.4,9.8,11.6,13.8,16,19,24]	[1.5,6.6,9,11,12.8,14.7,17,19.8,24.4]	0.07267	27.91	PASS	-0.3514	0.1395	PASS	1.2	15.6	PASS
u-osmest	unambiguous	all	inf	mosm/kgh2o	PASS		KS,MAD	100	{mosm/kgh2o:100,mo/kg/h2o:0,mo/kgh2o:0}	NA	NA	NA	NA	NA	NA	NA	NA	6306	89315	[291,363,418,465,515,573,633,703,803]	[262,327,378,425,472,523,584,656,768]	0.08668	38.23	PASS	14.77	47.92	FAIL	43	390	PASS
p-pi	unambiguous	all	inf	mmol/l	PASS		KS,MAD	100	{mmol/l:100}	NA	NA	NA	NA	NA	NA	NA	NA	6111	179759	[0.69,0.81,0.89,0.98,1.05,1.14,1.23,1.38,1.61]	[0.74,0.87,0.97,1.05,1.13,1.23,1.35,1.51,1.79]	0.1043	55.67	PASS	-17.6	67.09	FAIL	0.08	0.72	PASS
fp-krea	unambiguous	all	inf	umol/l	PASS		KS,MAD	100	{umol/l:100}	NA	NA	NA	NA	NA	NA	NA	NA	6095	759963	[62,70,77,86,95,103,110,120,144]	[56,62,68,73,78,84,92,105,140]	0.2377	297.4	PASS	4.575	5.313	FAIL	17	45	PASS
p-tt	unambiguous	all	inf	%	PASS		KS,MAD	100	{%:100,form:0}	NA	NA	NA	NA	NA	NA	NA	NA	6026	465931	[41,57,67,77,86,94,102,112,126]	[50,65,74,82,88,95,102,110,121]	0.08412	36.34	PASS	-5.854	8.296	FAIL	2	54	PASS
p-ld	unambiguous	all	inf	u/l	PASS		KS,MAD	100	{u/l:100}	NA	NA	NA	NA	NA	NA	NA	NA	5903	215656	[163,180,193,207,221,238,258,289,357]	[166,184,198,212,226,244,269,310,413]	0.04447	9.584	PASS	-10.46	24.7	FAIL	5	126	PASS
p-bil-kj	unambiguous	all	inf	umol/l	PASS		KS,MAD	100	{umol/l:100}	NA	NA	NA	NA	NA	NA	NA	NA	5805	124722	[2,3,3,4,5,6,7,9,15]	[3,3,4,4,5,6,8,11,26]	0.06142	17.91	PASS	-9.787	21.74	FAIL	0	6	PASS
b-leukosyytit	unambiguous	all	inf	e9/l	PASS		KS,MAD	100	{e9/l:100,1:0}	NA	NA	NA	NA	NA	NA	NA	NA	5481	369226	[4.8,6,7,8.1,8.7,9.2,9.9,10.9,13]	[4.4,5.1,5.7,6.2,6.8,7.4,8.2,9.3,11.3]	0.2956	300	PASS	21.17	95.08	FAIL	1.9	4.8	PASS
crp-pika	unambiguous	all	inf	mg/l	PASS		KS,T,MAD	100	{mg/l:100}	NA	NA	NA	NA	NA	NA	NA	NA	5397	3081	[6,8,11,16,23,33,47,69,103]	[7,9,13,18,25,34,47,69,106]	0.0568	5.219	PASS	-1.671	1.023	PASS	2	51	PASS
-trfesat	unambiguous	all	inf	%	PASS		KS,MAD	100	{%:100,g/l:0}	NA	NA	NA	NA	NA	NA	NA	NA	5350	49108	[8,12,16,19,22,26,29,34,41]	[9.2,13.8,17,20,23,26.3,30,34.7,42.04]	0.05655	13.12	PASS	-6.135	9.044	FAIL	1	24	PASS
p-amylp	unambiguous	all	inf	u/l	PASS		KS,MAD	100	{u/l:100}	NA	NA	NA	NA	NA	NA	NA	NA	5280	91256	[13,18,21,24,28,31,35,43,60]	[14,20,23,26,30,34,40,51,85]	0.07913	26.9	PASS	-8.147	15.35	FAIL	2	30	PASS
14272	unambiguous	all	inf	e9/l	PASS		KS,MAD	100	{e9/l:100}	NA	NA	NA	NA	NA	NA	NA	NA	5213	79059	[1.5,2,2.5,2.9,3.4,3.9,4.7,5.8,8.1]	[1.06,1.72,2.24,2.72,3.24,3.83,4.61,5.76,8.02]	0.07552	23.98	PASS	3.427	3.211	FAIL	0.16	4.38	PASS
p-urea	unambiguous	all	inf	mmol/l	PASS		KS,MAD	100	{mmol/l:100}	NA	NA	NA	NA	NA	NA	NA	NA	5179	168414	[4.2,5.5,6.9,8.7,10.8,12.9,15.4,19.2,25]	[4.2,5.5,6.99,8.7,10.9,13.4,16.4,20,25.3]	0.03175	4.108	PASS	-2.131	1.48	FAIL	0.1	16.2	PASS
s-prot	unambiguous	all	inf	g/l	PASS		KS,MAD	100	{g/l:100}	NA	NA	NA	NA	NA	NA	NA	NA	5169	87622	[59,62.8,65,67,68.5,70,71.6,73.9,77]	[57,61,63,65,67,69,70.6,73,76.2]	0.09833	40.8	PASS	11.37	28.94	FAIL	1.5	15	PASS
pt-glomerulussuodosnopeus,estimoitu,ckd-epi-kaava	unambiguous	all	inf	ml/min/173m2	PASS		MAD	99.81	{ml/min/173m2:99.81,1:0.19}	NA	NA	NA	NA	NA	NA	NA	NA	5159	202865	[30,38.2,44,49,53,57,62,69,82]	[34,48,59,68,75,82,87,93,101]	0.3786	300	FAIL	-57.82	300	FAIL	22	51	PASS
-nt	unambiguous	all	inf	mm	PASS		KS,MAD	100	{mm:100}	NA	NA	NA	NA	NA	NA	NA	NA	5019	11777	[0.8,0.9,1,1.1,1.2,1.2,1.3,1.5,1.7]	[0.9,1,1.1,1.2,1.27,1.34,1.49,1.6,1.8]	0.1319	53.14	PASS	-11.66	30.46	FAIL	0.07	0.75	PASS
s-hcgbv/d	unambiguous	all	inf	ug/l	PASS		KS,MAD	100	{ug/l:100}	NA	NA	NA	NA	NA	NA	NA	NA	4989	14571	[22.4,30.3,37.1,44.7,52.7,62.6,74.9,91.5,120]	[22.6,31.2,38.7,46.3,55,64.9,77.8,94.1,125.2]	0.027	2.059	PASS	-3.438	3.231	FAIL	2.3	70.5	PASS
fp-urea	unambiguous	all	inf	mmol/l	PASS		KS,MAD	100	{mmol/l:100}	NA	NA	NA	NA	NA	NA	NA	NA	4943	124586	[5,6.7,8,9.7,11.5,13.6,16.2,19.8,25]	[5,6.9,8.9,11.3,13.9,16.5,19.2,22.4,27.3]	0.1183	57.73	PASS	-13.57	40.57	FAIL	2.4	18.9	PASS
s-mkomp-1	unambiguous	all	inf	g/l	PASS		KS	100	{g/l:100}	NA	NA	NA	NA	NA	NA	NA	NA	4830	29847	[0,0,0,1.2,2.5,4.3,7.3,11.5,19.1]	[0,0,0,0,0,0.26,1.8,5.1,11.2]	0.2626	252.8	PASS	21.42	97.3	FAIL	2.5	0	FAIL
s-li	unambiguous	all	inf	mmol/l	PASS		KS,T,MAD	100	{mmol/l:100}	NA	NA	NA	NA	NA	NA	NA	NA	4648	33564	[0.4,0.5,0.58,0.6,0.7,0.72,0.8,0.9,1]	[0.4,0.5,0.54,0.6,0.69,0.7,0.8,0.9,1]	0.0297	2.836	PASS	1.376	0.7728	PASS	0.01	0.51	PASS
b-retik	unambiguous	all	inf	e9/l	PASS		KS,MAD	99.94	{e9/l:99.94,%:0.06}	NA	NA	NA	NA	NA	NA	NA	NA	4642	65711	[36,43.74,50,56,62,70,80,93,115]	[37,47,54,61,68,76,86,101,130]	0.07678	21.95	PASS	-12.12	32.69	FAIL	6	60	PASS
p-ca-iona	unambiguous	all	inf	mmol/l	PASS		KS,MAD	99.99	{mmol/l:99.99,%:0.01,kpa:0}	NA	NA	NA	NA	NA	NA	NA	NA	4559	404624	[1.1,1.14,1.16,1.17,1.19,1.21,1.23,1.25,1.29]	[1.04,1.08,1.11,1.13,1.15,1.17,1.19,1.21,1.25]	0.2533	254.6	PASS	27.75	164.5	FAIL	0.04	0.15	PASS
p-ca-ion.	unambiguous	all	inf	mmol/l	PASS		KS,MAD	100	{mmol/l:100}	NA	NA	NA	NA	NA	NA	NA	NA	4300	356685	[1.11,1.14,1.16,1.18,1.2,1.21,1.23,1.26,1.29]	[1.03,1.08,1.11,1.13,1.16,1.18,1.2,1.22,1.25]	0.251	235.6	PASS	41.48	300	FAIL	0.04	0.18	PASS
s-valpr	unambiguous	all	inf	umol/l	PASS		KS,MAD	99.9	{umol/l:99.9,%:0.1}	NA	NA	NA	NA	NA	NA	NA	NA	4273	31522	[199,259,302,342,385,424,467,517.6,589]	[221,285,332,372,409,446,487,533,601]	0.07686	19.05	PASS	-9.521	20.61	FAIL	24	300	PASS
u-albkrea	unambiguous	all	inf	mg/mmol	FAIL			99.24	{mg/mmol:99.24,mg/mmol/l:0.76}	NA	NA	NA	NA	NA	NA	NA	NA	4132	10590	[0.4,0.7,1.1,1.9,3.4,4.9,7.7,14.4,36.99]	[0.3,0.4,0.6,0.7,1,1.3,1.8,3,9.11]	0.343	300	FAIL	9.368	20	FAIL	2.4	1.8	FAIL
b-ghba1cp	unambiguous	all	inf	%	PASS		KS,MAD	100	{%:100}	NA	NA	NA	NA	NA	NA	NA	NA	3928	888	[6,6.3,6.6,6.9,7.2,7.4,7.8,8.2,8.8]	[5.9,6.1,6.5,6.8,7.1,7.52,7.9,8.3,9.4]	0.06148	2.098	PASS	-3.643	3.545	FAIL	0.1	2.7	PASS
cp-glukoosi,ihopistosn,vieritestihoitoyksikössä	unambiguous	all	inf	mmol/l	PASS		T,MAD	100	{mmol/l:100}	NA	NA	NA	NA	NA	NA	NA	NA	3854	1349	[5.3,6.3,7.1,8,9.1,10.28,11.9,13.9,17.07]	[5.2,6.2,7,7.9,8.9,10.2,11.9,14.2,17.2]	0.02425	0.2302	FAIL	0.5485	0.234	PASS	0.2	8.4	PASS
b-crp-vt	unambiguous	all	inf	mg/l	PASS		KS,T,MAD	99.98	{mg/l:99.98,crp:0.02,g/l:0.01}	NA	NA	NA	NA	NA	NA	NA	NA	3826	16204	[2.5,5.4,8,12,18,26,40,57,88.5]	[6,8,11,14,19,27,38,54,88]	0.1606	69.5	PASS	-1.489	0.8643	PASS	1	36	PASS
p-bnp	unambiguous	all	inf	ng/l	PASS		KS,MAD	99.98	{ng/l:99.98,ng/ml:0.02}	NA	NA	NA	NA	NA	NA	NA	NA	3770	88513	[42,72,109,144,194,258,352,511.4,899.1]	[20,36,58,88,131,195,292,462,895]	0.1578	78.38	PASS	2.554	1.971	FAIL	63	312	PASS
u-sg	unambiguous	all	inf	kg/l	PASS		KS,MAD	100	{kg/l:100}	NA	NA	NA	NA	NA	NA	NA	NA	3697	130	[1.005,1.005,1.01,1.01,1.015,1.015,1.02,1.02,1.025]	[1.01,1.01,1.01,1.015,1.015,1.017,1.02,1.02,1.025]	0.182	3.385	PASS	2	1.341	FAIL	0	0.015	PASS
ab-emäsylimäärä	unambiguous	all	inf	mmol/l	PASS		MAD	100	{mmol/l:100}	NA	NA	NA	NA	NA	NA	NA	NA	3690	9127	[-9.11,-6.4,-4.8,-3.7,-2.8,-2.1,-1.6,-1.1,-0.5]	[-0.8,0.42,1.1,1.7,2.4,3.3,4.5,6.1,8.9]	0.8697	300	FAIL	-89.66	300	FAIL	5.2	6	PASS
vb-emäsylimäärä	unambiguous	all	inf	mmol/l	PASS		MAD	100	{mmol/l:100}	NA	NA	NA	NA	NA	NA	NA	NA	3638	12069	[-9.1,-6.3,-4.6,-3.5,-2.6,-2,-1.3,-0.8,-0.3]	[-2.6,-0.2,0.7,1.3,2.1,2.8,3.6,4.7,6.7]	0.7535	300	FAIL	-77.42	300	FAIL	4.7	5.7	PASS
p-igg	unambiguous	all	inf	g/l	PASS		KS,MAD	100	{g/l:100}	NA	NA	NA	NA	NA	NA	NA	NA	3622	73233	[6,7.5,8.7,9.6,10.5,11.4,12.6,14.5,18]	[5,6.6,7.7,8.7,9.6,10.6,11.7,13.3,16.6]	0.1063	33.67	PASS	8.953	18.28	FAIL	0.9	7.8	PASS
b-ph	unambiguous	all	inf	ph	PASS		KS,MAD	100	{ph:100}	NA	NA	NA	NA	NA	NA	NA	NA	3554	35592	[7.31,7.34,7.36,7.38,7.39,7.41,7.43,7.44,7.46]	[7.35,7.38,7.4,7.41,7.42,7.43,7.44,7.46,7.48]	0.2071	121.3	PASS	-23.05	109.9	FAIL	0.03	0.09	PASS
vb-pco2	unambiguous	all	inf	kpa	PASS		KS,MAD	100	{kpa:100}	NA	NA	NA	NA	NA	NA	NA	NA	3508	187319	[4.517,5,5.2,5.4,5.7,5.9,6.159,6.5,7.1]	[4.7,5.1,5.3,5.6,5.8,6,6.3,6.6,7.1]	0.06643	12.93	PASS	-6.07	8.85	FAIL	0.1	1.8	PASS
vb-po2	unambiguous	all	inf	kpa	PASS		KS,MAD	100	{kpa:100}	NA	NA	NA	NA	NA	NA	NA	NA	3490	134123	[3.2,3.8,4.384,4.8,5.2,5.6,6.2,7.4,10]	[2.8,3.4,3.9,4.3,4.7,5.1,5.7,6.5,8.3]	0.119	41.7	PASS	13.87	41.91	FAIL	0.5	3.6	PASS
mb-ph	unambiguous	all	inf	ph	PASS		KS,MAD	100	{ph:100}	NA	NA	NA	NA	NA	NA	NA	NA	3444	279	[7.29,7.32,7.34,7.36,7.373,7.39,7.401,7.419,7.435]	[7.318,7.34,7.36,7.37,7.38,7.4,7.41,7.42,7.44]	0.13	3.535	PASS	-3.9	3.936	FAIL	0.007	0.09	PASS
b-crp	unambiguous	all	inf	mg/l	PASS		KS,T,MAD	100	{mg/l:100}	NA	NA	NA	NA	NA	NA	NA	NA	3349	2366	[5,7,9,12,17,24,35,54,87]	[6,8,9,13,18,25,35,55,90]	0.09381	10.35	PASS	-1.145	0.598	PASS	1	33	PASS
p-gluk-vt	unambiguous	all	inf	mmol/l	FAIL			98.08	{mmol/l:98.08,1:1.92}	NA	NA	NA	NA	NA	NA	NA	NA	3314	2048	[5,5.7,6.4,7.2,8.2,9.5,11.01,12.8,15.9]	[4.5,4.7,4.9,5.1,5.4,5.8,6.5,7.56,9.63]	0.397	178	FAIL	20.97	92.7	FAIL	2.8	2.4	FAIL
ab-po2	unambiguous	all	inf	kpa	PASS		KS,MAD	99.98	{kpa:99.98,mmol/l:0.01,%:0.01}	NA	NA	NA	NA	NA	NA	NA	NA	3271	391579	[6.7,7.6,8.2,8.8,9.4,10,10.9,12,14.2]	[8.1,9.1,9.9,10.6,11.4,12.4,13.8,16.2,21.5]	0.2754	217.2	PASS	-43.76	300	FAIL	2	7.2	PASS
ab-pco2	unambiguous	all	inf	kpa	PASS		KS,MAD	99.98	{kpa:99.98,mmol/l:0.01,%:0.01}	NA	NA	NA	NA	NA	NA	NA	NA	3240	392202	[3.9,4.3,4.6,4.8,5,5.3,5.7,6.3,7.4]	[4.1,4.5,4.7,5,5.2,5.4,5.6,5.9,6.5]	0.0772	16.37	PASS	3.959	4.114	FAIL	0.2	1.8	PASS
p-apcres.	unambiguous	all	inf	form	PASS		KS,T,MAD	100	{form:100}	NA	NA	NA	NA	NA	NA	NA	NA	3090	64	[2.5,2.7,2.8,2.9,2.9,3,3,3.1,3.2]	[2.7,2.8,2.8,2.8,2.9,2.9,2.9,3,3]	0.1794	1.512	PASS	-0.7183	0.3234	PASS	0	0.3	PASS
cp-gluk	unambiguous	all	inf	mmol/l	PASS		KS,T,MAD	99.85	{mmol/l:99.85,mmol/:0.15}	NA	NA	NA	NA	NA	NA	NA	NA	3070	1987	[5.9,6.8,7.8,9,10.25,11.84,13.83,15.92,19.2]	[5.1,6.3,7.7,9.1,10.6,12.7,14.4,16.4,19.3]	0.06834	4.62	PASS	0.1887	0.07041	PASS	0.35	12.6	PASS
u-lieriöt	unambiguous	all	inf	e6/l	PASS		MAD	99.54	{e6/l:99.54,u/field:0.46,u/ul:0}	NA	NA	NA	NA	NA	NA	NA	NA	3014	60279	[0,0,0,0,0,0,0,0,0]	[0,0,0,0,0,0.1,0.14,0.43,1]	0.3584	300	FAIL	-29.56	188.7	FAIL	0	0	PASS
p-crp-vt	unambiguous	all	inf	mg/l	PASS		KS,T,MAD	100	{mg/l:100}	NA	NA	NA	NA	NA	NA	NA	NA	2961	6868	[5,7,9,14,20,29,41,60,92]	[5,7,10,14,20,28,40,61,94]	0.03492	1.904	PASS	-0.2496	0.09535	PASS	0	42	PASS
lieriöt	unambiguous	all	inf	e6/l	PASS		KS,T,MAD	100	{e6/l:100}	NA	NA	NA	NA	NA	NA	NA	NA	2948	23949	[0,0,0,0,0,0,0.1,0.3,0.9]	[0,0,0,0,0,0.1,0.3,0.42,1]	0.1706	66.52	PASS	-0.201	0.07534	PASS	0	0	PASS
crp(päiv.hoitaja)	unambiguous	all	inf	mg/l	PASS		KS,MAD	99.18	{mg/l:99.18,g/l:0.27,mg/:0.27}	NA	NA	NA	NA	NA	NA	NA	NA	2926	361	[6,8,10,14,19,27,39.5,56,91.5]	[6,7,9,12,15,21,28,47,71]	0.09235	2.111	PASS	3.491	3.281	FAIL	4	27	PASS
b-crp-o	unambiguous	all	inf	mg/l	PASS		KS,MAD	100	{mg/l:100}	NA	NA	NA	NA	NA	NA	NA	NA	2887	1516	[7.6,10.2,15,20,27,36,48,67.8,98]	[6,8,11,15,21,28,40,59,90]	0.09503	7.542	PASS	4.023	4.23	FAIL	6	42	PASS
u-happamuusaste(kval)	unambiguous	all	inf	form	PASS		T,MAD	100	{form:100}	NA	NA	NA	NA	NA	NA	NA	NA	2872	32	[5,5.5,5.5,5.5,6,6,6,6.5,7]	[5,5.5,5.5,5.5,5.5,6,6,6.5,7]	0.09706	0.04638	FAIL	0.1506	0.05489	PASS	0.5	1.5	PASS
p-cea	unambiguous	all	inf	ug/l	PASS		KS,MAD	100	{ug/l:100}	NA	NA	NA	NA	NA	NA	NA	NA	2743	49490	[1.2,1.7,2,2.2,2.9,3.1,4,5,6.98]	[1.6,2,2.4,2.8,3.4,4.3,5.9,10,33]	0.1789	72.49	PASS	-8.419	16.33	FAIL	0.5	4.5	PASS
happamuusaste,laskimoveri	unambiguous	all	inf	ph	PASS		MAD	100	{ph:100}	NA	NA	NA	NA	NA	NA	NA	NA	2733	819	[7.32,7.35,7.36,7.38,7.39,7.4,7.41,7.43,7.45]	[7.3,7.34,7.36,7.37,7.39,7.4,7.41,7.43,7.45]	0.05006	1.088	FAIL	2.574	1.993	FAIL	0	0.09	PASS
tffesat	unambiguous	all	inf	%	PASS		KS,MAD	100	{%:100}	NA	NA	NA	NA	NA	NA	NA	NA	2728	900	[7.6,10.84,13.7,16.6,19.4,22.3,25.9,30.3,37]	[8.19,11.68,15,18.1,21.2,24.34,27.63,31.84,38.41]	0.07478	3.015	PASS	-2.621	2.053	FAIL	1.8	23.7	PASS
erytroblastit	unambiguous	all	inf	e9/l	PASS		KS,MAD	100	{e9/l:100}	NA	NA	NA	NA	NA	NA	NA	NA	2656	141340	[0,0,0,0,0,0,0,0,0]	[0,0,0,0,0,0,0,0,0]	0.04831	5	PASS	-14.87	49.25	FAIL	0	0	PASS
s-gamma	unambiguous	all	inf	g/l	PASS		KS,MAD	99.96	{g/l:99.96,%:0.04}	NA	NA	NA	NA	NA	NA	NA	NA	2638	28557	[5.6,6.7,7.5,8.3,9.2,10.1,11.2,12.7,15.83]	[4.5,6.3,7.5,8.5,9.5,10.5,11.7,13.5,17.3]	0.06575	8.794	PASS	-2.676	2.126	FAIL	0.3	8.1	PASS
ab-hco3-st	unambiguous	all	inf	mmol/l	PASS		KS,MAD	100	{mmol/l:100}	NA	NA	NA	NA	NA	NA	NA	NA	2610	255842	[20,22,23,24,25,26,27,28,30]	[21,22,23,24,25,25,26,27,29]	0.05827	7.343	PASS	3.443	3.233	FAIL	0	6	PASS
s-norklot	unambiguous	all	inf	nmol/l	PASS		KS,MAD	99.98	{nmol/l:99.98,umol/l:0.02}	NA	NA	NA	NA	NA	NA	NA	NA	2539	22359	[321,458.6,572,704.2,826,970,1110,1326,1686]	[344,489,614,734,863,1000,1166,1390,1712]	0.03645	2.341	PASS	-2.015	1.356	FAIL	37	1041	PASS
p-korsol	unambiguous	all	inf	nmol/l	PASS		KS,MAD	100	{nmol/l:100,pmol/l:0}	NA	NA	NA	NA	NA	NA	NA	NA	2505	51424	[185,261,314,350,394,434,482,539,637.6]	[84,204,266,312,352,391,434,486,567]	0.1124	26	PASS	13.05	37.11	FAIL	42	330	PASS
s-igg4	unambiguous	all	inf	g/l	PASS		MAD	99.98	{g/l:99.98,form:0.02}	NA	NA	NA	NA	NA	NA	NA	NA	2501	9788	[0.12,0.217,0.333,0.441,0.58,0.79,1.1,1.68,2.92]	[0.11,0.209,0.31,0.4388,0.59,0.787,1.06,1.56,2.623]	0.02414	0.7159	FAIL	4.077	4.329	FAIL	0.01	1.209	PASS
s-album	unambiguous	all	inf	g/l	PASS		KS,MAD	100	{g/l:100}	NA	NA	NA	NA	NA	NA	NA	NA	2495	25450	[31.6,35.1,37.4,39.1,40.4,41.6,43,44.6,46.3]	[31,34.3,36.2,37.6,38.7,39.8,40.9,42.1,43.7]	0.1682	55.93	PASS	13.9	41.84	FAIL	1.7	9	PASS
s-alfa-2	unambiguous	all	inf	g/l	PASS		KS,MAD	99.96	{g/l:99.96,%:0.04}	NA	NA	NA	NA	NA	NA	NA	NA	2494	27664	[5.7,6.2,6.5,6.8,7.1,7.5,7.9,8.4,9.4]	[5.5,5.9,6.3,6.7,7,7.4,7.8,8.4,9.4]	0.06617	8.427	PASS	4.494	5.14	FAIL	0.1	3	PASS
s-alfa-1	unambiguous	all	inf	g/l	PASS		MAD	99.96	{g/l:99.96,%:0.04}	NA	NA	NA	NA	NA	NA	NA	NA	2491	27729	[1.5,1.7,1.9,2.1,2.4,2.6,2.9,3.2,3.8]	[2.2,2.4,2.6,2.7,2.9,3,3.2,3.5,4.1]	0.3399	235.5	FAIL	-24.18	116.8	FAIL	0.5	1.2	PASS
s-beta-2	unambiguous	all	inf	g/l	PASS		KS,MAD	99.96	{g/l:99.96,%:0.04}	NA	NA	NA	NA	NA	NA	NA	NA	2489	27354	[2.1,2.4,2.6,2.8,3,3.3,3.6,4.1,4.8]	[2.3,2.6,2.8,3.1,3.4,3.6,4,4.5,5.5]	0.129	32.84	PASS	-14.94	48.5	FAIL	0.4	2.1	PASS
s-beta-1	unambiguous	all	inf	g/l	PASS		KS,MAD	99.96	{g/l:99.96,%:0.04}	NA	NA	NA	NA	NA	NA	NA	NA	2488	27407	[3.4,3.7,3.9,4.08,4.2,4.4,4.6,4.8,5.2]	[3.3,3.5,3.7,3.9,4,4.2,4.4,4.6,5]	0.1311	33.9	PASS	5.871	8.32	FAIL	0.2	1.2	PASS
p-kysc	unambiguous	all	inf	mg/l	PASS		KS,MAD	100	{mg/l:100}	NA	NA	NA	NA	NA	NA	NA	NA	2479	52879	[0.76,0.9,1.01,1.13,1.26,1.43,1.63,1.9,2.35]	[0.85,0.96,1.08,1.23,1.42,1.64,1.93,2.35,3.15]	0.1094	24.43	PASS	-18.38	70.85	FAIL	0.16	1.41	PASS
l-nlt	unambiguous	all	inf	%	PASS		KS,MAD	100	{%:100}	NA	NA	NA	NA	NA	NA	NA	NA	2426	7143	[16,28,38,45,52,59,65,72,81]	[25,38,46,53,59,65,70,76,83]	0.1146	20.45	PASS	-11.15	27.72	FAIL	7	45	PASS
zb-be	unambiguous	all	inf	mmol/l	PASS		MAD	100	{mmol/l:100}	NA	NA	NA	NA	NA	NA	NA	NA	2424	2420	[-6,-4.1,-3.2,-2.6,-2,-1.6,-1.2,-0.7,-0.4]	[0.4,0.8,1.2,1.7,2.2,2.9,3.8,4.9,7.4]	1	300	FAIL	-71.32	300	FAIL	4.2	4.2	PASS
p-igm	unambiguous	all	inf	g/l	PASS		KS,MAD	100	{g/l:100}	NA	NA	NA	NA	NA	NA	NA	NA	2399	38219	[0.4,0.59,0.75,0.92,1,1.2,1.58,2.3,5.12]	[0.26,0.4,0.56,0.7,0.88,1.09,1.35,1.8,3.34]	0.1396	38.12	PASS	2.512	1.919	FAIL	0.12	1.44	PASS
fp-trfesat	unambiguous	all	inf	%	PASS		KS,MAD	100	{%:100}	NA	NA	NA	NA	NA	NA	NA	NA	2315	88641	[8,11,14,17,20,24,28,34,42]	[9,13,16,19,22,25,28,33,40]	0.08847	15.09	PASS	-2.062	1.406	FAIL	2	24	PASS
p-crp-hy	unambiguous	all	inf	mg/l	PASS		KS,MAD	100	{mg/l:100}	NA	NA	NA	NA	NA	NA	NA	NA	2311	6913	[7,10,13,18,24,33,46,66,101]	[6,8,11,15,21,29,41,59,91]	0.06901	6.893	PASS	4.579	5.316	FAIL	3	42	PASS
s-cea	unambiguous	all	inf	ug/l	PASS		KS,MAD	100	{ug/l:100,<5:0}	NA	NA	NA	NA	NA	NA	NA	NA	2260	87838	[1.1,1.3,1.6,1.9,2.3,2.7,3.5,4.7,7.5]	[1.1,1.4,1.7,2,2.4,3.1,4.1,6.3,17.4]	0.07597	10.78	PASS	-16.37	59.09	FAIL	0.1	3.3	PASS
s-iga	unambiguous	all	inf	g/l	PASS		KS,MAD	100	{g/l:100,mg/l:0}	NA	NA	NA	NA	NA	NA	NA	NA	2187	35633	[0.99,1.32,1.55,1.8,2.05,2.34,2.722,3.33,4.404]	[1.05,1.34,1.56,1.77,1.99,2.23,2.53,2.93,3.66]	0.06737	7.852	PASS	6.407	9.744	FAIL	0.06	1.8	PASS
fp-laktaat	unambiguous	all	inf	mmol/l	PASS		KS,MAD	100	{mmol/l:100}	NA	NA	NA	NA	NA	NA	NA	NA	2185	299125	[0.9,1,1.1,1.2,1.4,1.6,1.8,2.2,3]	[0.5,0.7,0.8,0.9,1,1.2,1.4,1.7,2.3]	0.2929	164.6	PASS	13.27	38	FAIL	0.4	1.2	PASS
vb-happamuusaste	unambiguous	all	inf	1	PASS		T,MAD	100	{1:100}	NA	NA	NA	NA	NA	NA	NA	NA	2150	59	[7.31,7.34,7.36,7.37,7.388,7.4,7.41,7.43,7.45]	[7.288,7.35,7.38,7.39,7.4,7.41,7.426,7.434,7.452]	0.1619	1.058	FAIL	-1.075	0.5427	PASS	0.012	0.09	PASS
pt-gfre-md	unambiguous	all	inf	ml/min/173m2	PASS		KS,MAD	99.94	{ml/min/173m2:99.94,form:0.06}	NA	NA	NA	NA	NA	NA	NA	NA	2125	26945	[34,44,51,56,60,69,77,85,96]	[34,45,52,57,61,72,81,90,101]	0.05355	4.623	PASS	-4.054	4.286	FAIL	1	54	PASS
u-lieriö	unambiguous	all	inf	e6/l	FAIL			100	{e6/l:100}	NA	NA	NA	NA	NA	NA	NA	NA	2104	5122	[0,0,0,0,0.11,0.11,0.23,0.34,0.81]	[0,0,0,0,0,0,0,0.1,1]	0.3671	178.8	FAIL	-2.826	2.326	FAIL	0.11	0	FAIL
l-myel	unambiguous	all	inf	%	PASS		KS,T,MAD	100	{%:100}	NA	NA	NA	NA	NA	NA	NA	NA	2055	13360	[0,0,0,0,0,1,1,2,4]	[0,0,0,0,1,1,1,2,4]	0.06697	6.663	PASS	-0.8457	0.4003	PASS	1	3	PASS
s-van	unambiguous	all	inf	mg/l	PASS		KS,MAD	100	{mg/l:100}	NA	NA	NA	NA	NA	NA	NA	NA	2028	34496	[7.9,9.7,11,12.08,13.3,14.52,16,18.4,21.8]	[6.9,8.6,10,11.1,12.4,13.7,15,17,19.8]	0.08494	11.74	PASS	8.784	17.51	FAIL	0.9	10.2	PASS
s-dnanab.	unambiguous	all	inf	kiu/l	PASS		MAD	100	{kiu/l:100}	NA	NA	NA	NA	NA	NA	NA	NA	2027	1572	[0.6,0.8,0.9,1.1,1.4,1.7,2.3,3.2,5.04]	[0.7,0.9,1.3,2.2,6.55,14,22,37,76]	0.4661	173.6	FAIL	-18.91	71.33	FAIL	5.15	17.85	PASS
l-nst	unambiguous	all	inf	%	PASS		T,MAD	100	{%:100}	NA	NA	NA	NA	NA	NA	NA	NA	1990	7095	[0,0,0,0,1,1,1,2,5]	[0,0,0,0,1,1,1,2,5]	0.008367	5.375e-05	FAIL	0.05683	0.02014	PASS	0	3	PASS
s-igg1	unambiguous	all	inf	g/l	PASS		KS,MAD	99.96	{g/l:99.96,form:0.04}	NA	NA	NA	NA	NA	NA	NA	NA	1982	4829	[4.271,4.96,5.493,5.97,6.55,7.08,7.72,8.66,10.1]	[3.7,4.5,5.08,5.6,6.14,6.7,7.31,8.2,9.73]	0.08715	9.012	PASS	5.347	7.023	FAIL	0.41	4.32	PASS
s-igg2	unambiguous	all	inf	g/l	PASS		KS,T,MAD	99.96	{g/l:99.96,form:0.04}	NA	NA	NA	NA	NA	NA	NA	NA	1980	4817	[1.42,1.858,2.137,2.4,2.67,3.01,3.34,3.89,4.611]	[1.27,1.722,2.08,2.384,2.69,3.06,3.43,4,4.89]	0.04333	2.003	PASS	-0.9898	0.4917	PASS	0.02	2.61	PASS
b-tacro	unambiguous	all	inf	ug/l	PASS		KS,MAD	100	{ug/l:100}	NA	NA	NA	NA	NA	NA	NA	NA	1960	43354	[4.3,5.1,6,6.8,7.5,8.5,9.73,11,13]	[4.5,5.3,6,6.6,7.2,8,8.8,9.9,11.7]	0.09159	13.41	PASS	5.156	6.559	FAIL	0.3	5.4	PASS
p-luakptt	unambiguous	all	inf	ratio	PASS		KS,MAD	99.45	{ratio:99.45,form:0.55}	NA	NA	NA	NA	NA	NA	NA	NA	1952	1259	[0.97,1,1.01,1.03,1.04,1.06,1.08,1.11,1.17]	[0.98,1,1.02,1.04,1.05,1.07,1.1,1.13,1.2]	0.07726	3.699	PASS	-2.802	2.291	FAIL	0.01	0.15	PASS
s-igg3	unambiguous	all	inf	g/l	PASS		KS,MAD	99.96	{g/l:99.96,form:0.04}	NA	NA	NA	NA	NA	NA	NA	NA	1943	4829	[0.13,0.17,0.2,0.24,0.27,0.31,0.37,0.45,0.58]	[0.13,0.18,0.22,0.26,0.31,0.36,0.44,0.55,0.72]	0.09589	10.81	PASS	-7.279	12.42	FAIL	0.04	0.39	PASS
s-tfr	unambiguous	all	inf	mg/l	PASS		MAD	99.99	{mg/l:99.99,mg:0.01}	NA	NA	NA	NA	NA	NA	NA	NA	1940	75741	[1.9,2.3,2.7,3.2,3.6,4.4,5.2,6.4,8.2]	[1,1.2,1.5,1.9,2.4,2.8,3.3,4.1,5.6]	0.3195	171.6	FAIL	21.68	93.04	FAIL	1.2	3.3	PASS
p-luakrvv	unambiguous	all	inf	ratio	PASS		KS,MAD	99.45	{ratio:99.45,form:0.55}	NA	NA	NA	NA	NA	NA	NA	NA	1926	1257	[0.89,0.92,0.94,0.96,0.98,1,1.03,1.06,1.14]	[0.89,0.93,0.95,0.97,0.99,1.01,1.04,1.08,1.18]	0.06391	2.422	PASS	-2.022	1.364	FAIL	0.01	0.15	PASS
p-prl	unambiguous	all	inf	mu/l	PASS		MAD	99.81	{mu/l:99.81,nmol/l:0.19}	NA	NA	NA	NA	NA	NA	NA	NA	1916	8543	[150,186,222,262,306,364,439.5,550,784]	[138.2,185,224,260.8,306,361,436,572,938.8]	0.03251	1.147	FAIL	-5.433	7.247	FAIL	0	372	PASS
l-bas	unambiguous	all	inf	%	PASS		KS,MAD	100	{%:100}	NA	NA	NA	NA	NA	NA	NA	NA	1889	7218	[0.2,0.3,0.4,0.4,0.5,0.6,0.7,0.8,1]	[0.1,0.2,0.3,0.4,0.4,0.5,0.6,0.7,0.9]	0.111	15.8	PASS	7.783	14	FAIL	0.1	0.6	PASS
ab-t	unambiguous	all	inf	°c	PASS		KS,MAD	100	{°c:100}	NA	NA	NA	NA	NA	NA	NA	NA	1813	1617	[36.2,36.5,36.7,36.9,37,37,37.1,37.4,37.8]	[36.3,36.5,36.8,37,37,37,37.3,37.5,38]	0.0633	2.698	PASS	-2.93	2.467	FAIL	0	1.2	PASS
p-fsh	unambiguous	all	inf	u/l	PASS		T,MAD	100	{u/l:100}	NA	NA	NA	NA	NA	NA	NA	NA	1806	8373	[3.3,4.6,5.8,7.1,9.2,14.9,26.6,48,73.95]	[3.42,4.8,5.9,7.2,9.4,15,30,52,73]	0.02736	0.6742	FAIL	-1.262	0.6836	PASS	0.2	17.7	PASS
p-prealb	unambiguous	all	inf	g/l	PASS		KS,MAD	98.99	{g/l:98.99,mg/l:1.01}	NA	NA	NA	NA	NA	NA	NA	NA	1802	17705	[0.13,0.16,0.19,0.2,0.22,0.24,0.27,0.31,138.8]	[0.09,0.13,0.16,0.18,0.2,0.22,0.24,0.26,0.29]	0.1505	32.11	PASS	16.05	53.57	FAIL	0.02	0.15	PASS
p-haptog	unambiguous	all	inf	g/l	PASS		KS,MAD	100	{g/l:100}	NA	NA	NA	NA	NA	NA	NA	NA	1785	18313	[0.664,0.9,1.1,1.3,1.49,1.7,1.978,2.262,2.778]	[0.41,0.7,0.92,1.12,1.33,1.54,1.8,2.14,2.66]	0.09963	13.78	PASS	7.237	12.2	FAIL	0.16	1.68	PASS
cu-alb	unambiguous	all	inf	ug/min	PASS		KS,T,MAD	99.93	{ug/min:99.93,mg:0.07}	NA	NA	NA	NA	NA	NA	NA	NA	1776	5389	[3,5,8,15,26,47,85,172,428]	[4,6,10,18,29,48.8,84,161,427.4]	0.04537	2.104	PASS	0.04045	0.01424	PASS	3	75	PASS
cp-gluk-po	unambiguous	all	inf	mmol/l	PASS		T,MAD	100	{mmol/l:100}	NA	NA	NA	NA	NA	NA	NA	NA	1746	782	[4.7,5.9,7,8.1,9.2,10.6,12.35,14.6,18.25]	[4.6,5.82,7.3,8.4,9.4,10.7,12,14.18,17.49]	0.03326	0.2411	FAIL	0.507	0.2131	PASS	0.2	9.75	PASS
b-retind	unambiguous	all	inf	osuus	PASS		KS,MAD	100	{osuus:100}	NA	NA	NA	NA	NA	NA	NA	NA	1744	9157	[0.4,0.5,0.6,0.7,0.8,0.9,1,1.2,1.5]	[0.4,0.5,0.7,0.8,0.9,1,1.2,1.5,1.9]	0.1196	17.99	PASS	-10.57	24.99	FAIL	0.1	0.9	PASS
l-prom	unambiguous	all	inf	%	PASS		MAD	100	{%:100}	NA	NA	NA	NA	NA	NA	NA	NA	1732	9985	[0,0,0,0,0,0,0,0,0]	[0,0,0,0,0,0,0,0,1]	0.0209	0.2747	FAIL	-2.237	1.596	FAIL	0	0	PASS
f-elast1	unambiguous	all	inf	ug/g	PASS		KS,MAD	99.93	{ug/g:99.93,âug/g:0.07}	NA	NA	NA	NA	NA	NA	NA	NA	1731	10979	[62,124,185,235,292,348,399,448,495]	[48,95,144.4,197,248,302.8,357,412,470]	0.08871	9.961	PASS	7.556	13.22	FAIL	44	396	PASS
e-erytrosyytit,kokojakauma	unambiguous	all	inf	%	PASS		MAD	100	{%:100}	NA	NA	NA	NA	NA	NA	NA	NA	1715	117168	[14,15,15,15.6,16,16,17,18,19]	[13,13,13,13,14,14,15,16,17]	0.5149	300	FAIL	38	230.9	FAIL	2	3	PASS
ly-t-cd4/8	unambiguous	all	inf	ratio	PASS		T,MAD	100	{ratio:100}	NA	NA	NA	NA	NA	NA	NA	NA	1701	115	[0.5,0.8,1.1,1.3,1.5,1.8,2.1,2.6,3.6]	[0.6,0.8,1,1.26,1.6,1.84,2.08,2.42,3.16]	0.05797	0.07576	FAIL	1.434	0.8134	PASS	0.1	2.1	PASS
cp-crp-hy	unambiguous	all	inf	mg/l	PASS		KS,MAD	100	{mg/l:100}	NA	NA	NA	NA	NA	NA	NA	NA	1650	10332	[1.6,2.88,4.8,6.1,8,11,17,30,57]	[4.7,7,10,14,20,29,42,62,95]	0.279	97.75	PASS	-18.42	70.58	FAIL	12	42	PASS
s-mkomp-2	unambiguous	all	inf	g/l	PASS		KS,MAD	100	{g/l:100}	NA	NA	NA	NA	NA	NA	NA	NA	1648	27037	[0,0,0,0,0,0,0,0,0.33]	[0,0,0,0,0,0,0,0,0]	0.05154	3.299	PASS	4.593	5.332	FAIL	0	0	PASS
l-metam	unambiguous	all	inf	%	PASS		KS,MAD	100	{%:100}	NA	NA	NA	NA	NA	NA	NA	NA	1619	7291	[0,0,0,0,0,1,1,1,2]	[0,0,0,0,0,1,1,2,3]	0.06076	3.97	PASS	-6.017	8.702	FAIL	0	0	PASS
b-peth	unambiguous	all	inf	umol/l	PASS		KS,MAD	99.99	{umol/l:99.99,umol/:0.01}	NA	NA	NA	NA	NA	NA	NA	NA	1588	18211	[0.07,0.12,0.18,0.27,0.36,0.5,0.69,0.98,1.52]	[0.06,0.09,0.14,0.2,0.29,0.41,0.59,0.88,1.41]	0.08161	8.186	PASS	4.368	4.878	FAIL	0.07	0.63	PASS
l-bla	unambiguous	all	inf	%	PASS		KS,T,MAD	100	{%:100}	NA	NA	NA	NA	NA	NA	NA	NA	1583	9303	[0,0,0,0,0,0,0,0,1]	[0,0,0,0,0,0,0,0,0]	0.05297	3.014	PASS	1.482	0.8589	PASS	0	0	PASS
s-crp	unambiguous	all	inf	mg/l	PASS		KS,MAD	99.97	{mg/l:99.97,form:0.03,mg/ml:0}	NA	NA	NA	NA	NA	NA	NA	NA	1581	153136	[2.1,6,8,11,14,19,28,43,77]	[1,2,5,7,10,14,20,32,58]	0.1553	32.68	PASS	7.786	13.91	FAIL	4	24.3	PASS
p-glukpoc	unambiguous	all	inf	mmol/l	PASS		MAD	100	{mmol/l:100}	NA	NA	NA	NA	NA	NA	NA	NA	1562	957	[5.9,6.5,7,7.6,8.3,9.1,9.8,11.1,13.1]	[6.06,6.7,7.3,7.8,8.4,9.2,10.2,11.2,12.94]	0.0537	1.205	FAIL	-3.181	2.822	FAIL	0.1	5.1	PASS
s-igg	unambiguous	all	inf	g/l	PASS		KS,MAD	100	{g/l:100}	NA	NA	NA	NA	NA	NA	NA	NA	1523	20885	[5.89,7.658,8.666,9.488,10.22,11.04,12,13.65,17.21]	[5.594,7.168,8.2,9.1,9.9,10.8,11.8,13.2,16]	0.05374	3.276	PASS	4.01	4.198	FAIL	0.32	6.9	PASS
nu-alb	unambiguous	all	inf	ug/min	PASS		KS,MAD	100	{ug/min:100}	NA	NA	NA	NA	NA	NA	NA	NA	1512	442	[1,2.2,4,8,20,33,54,100.8,231.8]	[3,6.2,8.3,12,15,18,26,72,195.4]	0.1773	9.15	PASS	2.014	1.354	FAIL	5	27	PASS
cu-alb-mi	unambiguous	all	inf	ug/min	PASS		KS,T,MAD	100	{ug/min:100}	NA	NA	NA	NA	NA	NA	NA	NA	1510	5748	[2,4,8,19,31.05,54,96,164.2,347.7]	[2,3,4,6,9.9,17,34.39,79,218]	0.2215	51.18	PASS	1.206	0.6418	PASS	21.15	23.7	PASS
s-korsol	unambiguous	all	inf	nmol/l	PASS		KS,MAD	99.99	{nmol/l:99.99,nmol/:0,umol/l:0}	NA	NA	NA	NA	NA	NA	NA	NA	1509	43725	[80.8,202.6,273,322.2,371,414,472,542.4,663.4]	[138,244,308,360,409,460,517,589.2,700]	0.08982	9.966	PASS	-7.139	11.85	FAIL	38	408	PASS
b-inrpika	unambiguous	all	inf	inr	PASS		MAD	100	{inr:100}	NA	NA	NA	NA	NA	NA	NA	NA	1505	1540	[2,2.2,2.4,2.5,2.6,2.8,2.9,3.2,3.5]	[2,2.1,2.3,2.4,2.6,2.7,2.9,3.1,3.4]	0.04269	0.921	FAIL	2.313	1.682	FAIL	0	1.2	PASS
myel	unambiguous	all	inf	%	PASS		KS,T,MAD	100	{%:100}	NA	NA	NA	NA	NA	NA	NA	NA	1491	4485	[0,0,0,0,0,0,1,1,3.5]	[0,0,0,0,0,0,1,1,3]	0.05648	2.821	PASS	1.961	1.301	PASS	0	0	PASS
s-mkomp-3	unambiguous	all	inf	g/l	PASS		T,MAD	100	{g/l:100}	NA	NA	NA	NA	NA	NA	NA	NA	1490	25610	[0,0,0,0,0,0,0,0,0]	[0,0,0,0,0,0,0,0,0]	0.003871	-0	FAIL	1.258	0.6809	PASS	0	0	PASS
prom	unambiguous	all	inf	%	PASS		MAD	100	{%:100}	NA	NA	NA	NA	NA	NA	NA	NA	1475	4482	[0,0,0,0,0,0,0,0,0]	[0,0,0,0,0,0,0,0,0]	0.0247	0.3029	FAIL	3.065	2.657	FAIL	0	0	PASS
u-epipien	unambiguous	all	inf	e6/l	PASS		KS,MAD	100	{e6/l:100}	NA	NA	NA	NA	NA	NA	NA	NA	1467	16252	[0,0.1,0.4,0.9,1.5,2.3,3.4,5.1,8.7]	[0.1,0.2,0.4,0.6,0.8,1,1.6,2.5,4.8]	0.1998	46.85	PASS	8.45	16.18	FAIL	0.7	1.8	PASS
happamuusaste,kapillaariveri	unambiguous	all	inf	ph	PASS		KS,MAD	100	{ph:100}	NA	NA	NA	NA	NA	NA	NA	NA	1457	122	[7.33,7.36,7.38,7.39,7.4,7.42,7.43,7.44,7.46]	[7.35,7.38,7.39,7.41,7.42,7.43,7.44,7.45,7.48]	0.1377	1.599	PASS	-3.045	2.558	FAIL	0.02	0.09	PASS
bla	unambiguous	all	inf	%	PASS		T,MAD	100	{%:100}	NA	NA	NA	NA	NA	NA	NA	NA	1447	3320	[0,0,0,0,0,0,0,0,1]	[0,0,0,0,0,0,0,0,0]	0.03297	0.6628	FAIL	-1.084	0.5555	PASS	0	0	PASS
u-leuk-bv	unambiguous	all	inf	e6/l	PASS		KS,T,MAD	100	{e6/l:100}	NA	NA	NA	NA	NA	NA	NA	NA	1442	17865	[1,1.6,2.43,3.7,5.95,12.12,34.37,128.6,621]	[0.9,1.7,2.7,4.2,7.3,14.04,34.2,115.4,596.2]	0.0376	1.349	PASS	-0.1062	0.03837	PASS	1.35	19.2	PASS
fs-sappih	unambiguous	all	inf	umol/l	PASS		KS,T,MAD	100	{umol/l:100}	NA	NA	NA	NA	NA	NA	NA	NA	1438	3976	[2,2.5,3,4,4.8,6,6.9,8.2,12.2]	[1.6,2,2.4,3,3.7,4.5,5.7,7.6,13.3]	0.1293	15.12	PASS	-0.9085	0.4393	PASS	1.1	5.1	PASS
s-igg-sum	unambiguous	all	inf	g/l	PASS		T,MAD	100	{g/l:100}	NA	NA	NA	NA	NA	NA	NA	NA	1434	477	[7.15,8.28,9.149,9.91,10.74,11.57,12.7,14.21,17.21]	[6.898,8.282,9.118,9.748,10.9,11.91,13.04,14.71,18.14]	0.03981	0.219	FAIL	-0.4105	0.1665	PASS	0.16	7.14	PASS
i-statcrea	unambiguous	all	inf	umol/l	PASS		KS,MAD	98.17	{umol/l:98.17,mmol/l:1.83}	NA	NA	NA	NA	NA	NA	NA	NA	1433	161	[55,65,71,79,88,98,110.4,129,166.6]	[54,61,66,72,82,88,95,108,121]	0.1425	2.304	PASS	4.047	4.162	FAIL	6	63	PASS
s-ige	unambiguous	all	inf	u/ml	PASS		T,MAD	99.97	{u/ml:99.97,u/l:0.03}	NA	NA	NA	NA	NA	NA	NA	NA	1428	34195	[8,14.94,24,35,57.65,93.36,149,251.6,535.3]	[8,15,23.7,36,54.7,84,137,248,607]	0.02994	0.7751	FAIL	-1.367	0.7649	PASS	2.95	134.1	PASS
nlt	unambiguous	all	inf	%	PASS		KS,MAD	100	{%:100}	NA	NA	NA	NA	NA	NA	NA	NA	1413	4470	[15,24,35,43,49,54,60,68,76]	[25,40,48,53,57.75,62,67,73,80]	0.1783	29.58	PASS	-11.71	30.2	FAIL	8.75	38.25	PASS
p-k-vt	unambiguous	all	inf	mmol/l	PASS		T,MAD	98.21	{mmol/l:98.21,1:1.79}	NA	NA	NA	NA	NA	NA	NA	NA	1403	2200	[3.4,3.6,3.7,3.8,3.9,4,4.1,4.3,4.5]	[3.4,3.6,3.8,3.9,4,4,4.2,4.3,4.5]	0.0301	0.3882	FAIL	-0.09884	0.03561	PASS	0.1	0.9	PASS
metam	unambiguous	all	inf	%	PASS		KS,T,MAD	100	{%:100}	NA	NA	NA	NA	NA	NA	NA	NA	1398	3267	[0,0,0,0,0,0,0,1,3]	[0,0,0,0,0,0,1,1,3]	0.1019	8.577	PASS	0.02085	0.007286	PASS	0	0	PASS
nst	unambiguous	all	inf	%	PASS		KS,MAD	100	{%:100}	NA	NA	NA	NA	NA	NA	NA	NA	1388	3294	[0,0,0,0,0,1,1,2,5]	[0,0,0,0,1,1,1,2,5]	0.0887	6.412	PASS	-2.064	1.408	FAIL	1	3	PASS
s-mkomp-4	unambiguous	all	inf	g/l	PASS		T,MAD	100	{g/l:100}	NA	NA	NA	NA	NA	NA	NA	NA	1382	25593	[0,0,0,0,0,0,0,0,0]	[0,0,0,0,0,0,0,0,0]	0.0007424	-0	FAIL	-0.9593	0.4717	PASS	0	0	PASS
p-aptt	unambiguous	all	inf	s	PASS		KS,MAD	100	{s:100}	NA	NA	NA	NA	NA	NA	NA	NA	1359	143570	[24.1,26,27,28.84,30,31,33.96,36.04,40]	[25,26,27,28.5,30,31,33,36,46]	0.0564	3.436	PASS	-7.505	12.97	FAIL	0	12	PASS
s-pölyer	unambiguous	all	inf	u/ml	PASS		KS,MAD	99.52	{u/ml:99.52,form:0.4,estimate:0.09}	NA	NA	NA	NA	NA	NA	NA	NA	1343	14827	[0.03,0.06,0.12,0.37,0.78,1.94,4.23,9.25,21.96]	[0.03,0.04,0.06,0.12,0.27,0.74,2.13,5.828,15.9]	0.1402	20.85	PASS	4.304	4.749	FAIL	0.51	0.75	PASS
fp-glukoosi	unambiguous	all	inf	mmol/l	PASS		MAD	99.93	{mmol/l:99.93,nmol/l:0.07}	NA	NA	NA	NA	NA	NA	NA	NA	1320	21505	[6.1,6.2,6.4,6.6,6.8,7.1,7.5,7.92,9.2]	[5.1,5.3,5.5,5.7,5.9,6.1,6.5,7,8]	0.5713	300	FAIL	19.58	75.14	FAIL	0.9	1.8	PASS
s-igf1sds	unambiguous	all	inf	nmol/l	PASS		MAD	100	{nmol/l:100}	NA	NA	NA	NA	NA	NA	NA	NA	1320	85	[-2.4,-1.5,-0.9,-0.6,-0.2,0.3,0.8,1.3,2.2]	[0.4,0.6,0.82,0.96,1.2,1.4,1.5,2.3,2.72]	0.5303	20.66	FAIL	-9.744	15.69	FAIL	1.4	1.5	PASS
b-ly/abs	unambiguous	all	inf	e9/l	PASS		KS,MAD	100	{e9/l:100}	NA	NA	NA	NA	NA	NA	NA	NA	1306	797	[1.08,1.32,1.54,1.71,1.89,2.08,2.24,2.53,2.95]	[0.916,1.15,1.35,1.53,1.75,1.93,2.14,2.418,3.028]	0.1056	4.535	PASS	2.854	2.359	FAIL	0.14	1.56	PASS
b-mo/abs	unambiguous	all	inf	e9/l	PASS		T,MAD	100	{e9/l:100}	NA	NA	NA	NA	NA	NA	NA	NA	1306	797	[0.37,0.43,0.48,0.53,0.57,0.63,0.69,0.77,0.91]	[0.36,0.43,0.49,0.54,0.58,0.65,0.71,0.79,0.93]	0.03945	0.3865	FAIL	-0.2467	0.09411	PASS	0.01	0.42	PASS
b-ba/abs	unambiguous	all	inf	e9/l	PASS		KS,T,MAD	100	{e9/l:100}	NA	NA	NA	NA	NA	NA	NA	NA	1306	797	[0.02,0.02,0.03,0.03,0.03,0.04,0.05,0.05,0.07]	[0.02,0.02,0.03,0.03,0.04,0.04,0.05,0.05,0.06]	0.06841	1.737	PASS	1.33	0.7357	PASS	0.01	0.03	PASS
emäsylimäärä,laskimoveri	unambiguous	all	inf	mmol/l	FAIL			100	{mmol/l:100}	NA	NA	NA	NA	NA	NA	NA	NA	1300	2438	[-7.8,-5.5,-4,-3.2,-2.4,-1.7,-1.2,-0.8,-0.4]	[0.5,1.2,1.7,2.3,2.9,3.5,4.3,5.3,6.9]	0.9852	300	FAIL	-59.66	300	FAIL	5.3	4.8	FAIL
u-a1miglo	unambiguous	all	inf	mg/l	PASS		KS,MAD	100	{mg/l:100}	NA	NA	NA	NA	NA	NA	NA	NA	1298	346	[7.1,9.5,12.1,15.58,19.5,25.62,33.4,43.5,65.26]	[6.05,7.5,9.55,12,16.1,24.7,38.15,55.2,95.45]	0.1182	3.06	PASS	-2.683	2.12	FAIL	3.4	29.85	PASS
u-epilevy	unambiguous	all	inf	e6/l	PASS		KS,MAD	100	{e6/l:100}	NA	NA	NA	NA	NA	NA	NA	NA	1298	14635	[0.1,0.3,0.7,1.3,2.2,3.7,7.2,12.36,25.2]	[0,0.1,0.3,0.5,0.9,1.3,2.2,4.3,10.4]	0.2038	43.14	PASS	9.13	18.63	FAIL	1.3	2.4	PASS
fs-kol	unambiguous	all	inf	mmol/l	PASS		KS,MAD	100	{mmol/l:100,mmol/:0,form:0}	NA	NA	NA	NA	NA	NA	NA	NA	1285	255209	[3.9,4.3,4.6,4.9,5.2,5.4,5.6,6,6.6]	[3.7,4.2,4.5,4.8,5,5.3,5.6,5.9,6.4]	0.0547	3.04	PASS	4.448	5.027	FAIL	0.2	2.1	PASS
du-ca	unambiguous	all	inf	mmol	PASS		T,MAD	98.37	{mmol:98.37,mmol/24h:1.59,*sai:0.05}	NA	NA	NA	NA	NA	NA	NA	NA	1285	12336	[1.7,2.8,3.728,4.54,5.67,6.588,7.682,8.782,10.3]	[1.77,2.74,3.61,4.5,5.385,6.3,7.4,8.7,10.76]	0.03781	1.155	FAIL	-0.2499	0.09547	PASS	0.285	7.095	PASS
b-hb-vt	unambiguous	all	inf	g/l	PASS		KS,MAD	99.66	{g/l:99.66,hb:0.34}	NA	NA	NA	NA	NA	NA	NA	NA	1283	2922	[98,111,119,124,129,134,140,146,154]	[106,116,122,127,131,135,140,146,154]	0.07036	3.56	PASS	-3.381	3.134	FAIL	2	36	PASS
fs-kol-ldl	unambiguous	all	inf	mmol/l	PASS		KS,T,MAD	100	{mmol/l:100,form:0,mmol/:0}	NA	NA	NA	NA	NA	NA	NA	NA	1278	255213	[2.1,2.482,2.7,2.9,3.105,3.4,3.6,3.9,4.442]	[1.9,2.3,2.6,2.9,3.1,3.4,3.7,4,4.5]	0.04389	1.841	PASS	1.091	0.5601	PASS	0.005	2.1	PASS
crp(vo:nyhteydessäotettu),tth	unambiguous	all	inf	mg/l	PASS		T,MAD	99.37	{mg/l:99.37,alle:0.63}	NA	NA	NA	NA	NA	NA	NA	NA	1263	158	[5,5,5,8,8,8,13,22,43.8]	[5,5,5,6,8,9,13.9,18,37.9]	0.09463	0.8233	FAIL	1.089	0.5567	PASS	0	9	PASS
pika-crp	unambiguous	all	inf	mg/l	PASS		KS,MAD	100	{mg/l:100}	NA	NA	NA	NA	NA	NA	NA	NA	1255	3592	[6,8.98,12,19,26,35,50,70,101.6]	[6,8,11,15,21,30,42,61,93]	0.06899	3.571	PASS	3.149	2.779	FAIL	5	42	PASS
cb-hb	unambiguous	all	inf	g/l	PASS		KS,MAD	100	{g/l:100}	NA	NA	NA	NA	NA	NA	NA	NA	1250	15173	[94,105,112,119,124,130,135,142,152]	[98,107,115,122,128,134,140,147,157]	0.0817	6.428	PASS	-5.968	8.522	FAIL	4	48	PASS
s-ana	unambiguous	all	inf	titre	PASS		KS,MAD	99.99	{titre:99.99,mmol/mol:0.01}	NA	NA	NA	NA	NA	NA	NA	NA	1248	16699	[80,160,320,320,320,320,640,640,1280]	[80,160,160,320,320,320,400,640,1280]	0.1358	18.41	PASS	2.548	1.962	FAIL	0	480	PASS
cb-po2	unambiguous	all	inf	kpa	PASS		KS,MAD	100	{kpa:100}	NA	NA	NA	NA	NA	NA	NA	NA	1236	47691	[6.3,7.1,7.9,8.5,9.2,10,10.8,11.7,12.8]	[6.3,7,7.6,8.2,8.7,9.3,10,10.8,11.9]	0.1046	11.22	PASS	6.847	10.93	FAIL	0.5	4.5	PASS
s-ca-i7.4	unambiguous	all	inf	mmol/l	PASS		KS,MAD	100	{mmol/l:100}	NA	NA	NA	NA	NA	NA	NA	NA	1232	45579	[1.18,1.21,1.23,1.25,1.26,1.27,1.29,1.3,1.33]	[1.17,1.2,1.22,1.24,1.25,1.27,1.28,1.3,1.34]	0.05627	3.017	PASS	3.286	2.983	FAIL	0.01	0.12	PASS
i-statna	unambiguous	all	inf	mmol/l	PASS		T,MAD	98.26	{mmol/l:98.26,mmol/:1.16,umol/l:0.58}	NA	NA	NA	NA	NA	NA	NA	NA	1231	169	[132,135,137,138,139,140,141,142,143]	[134,136,137,139,140,140,141,142,143]	0.0551	0.1344	FAIL	-0.9083	0.438	PASS	1	6	PASS
i-statk	unambiguous	all	inf	mmol/l	PASS		T,MAD	98.81	{mmol/l:98.81,umol/l:0.6,mmol/:0.6}	NA	NA	NA	NA	NA	NA	NA	NA	1230	166	[3.3,3.6,3.7,3.8,3.9,4,4.2,4.3,4.6]	[3.3,3.5,3.6,3.8,3.9,4,4.2,4.3,4.5]	0.06251	0.2274	FAIL	-0.9169	0.4431	PASS	0	0.9	PASS
p-gfreepi	unambiguous	all	inf	ml/min/173m2	PASS		KS,MAD	100	{ml/min/173m2:100}	NA	NA	NA	NA	NA	NA	NA	NA	1212	6373	[18.72,36.14,45.36,51.5,55.85,59.66,65.24,69.9,76.9]	[23.24,37.04,43.5,48.7,53,56.3,59.6,65.8,73.1]	0.1066	9.811	PASS	3.509	3.335	FAIL	2.85	33.6	PASS
p-omagluk	unambiguous	all	inf	mmol/l	PASS		T,MAD	100	{mmol/l:100}	NA	NA	NA	NA	NA	NA	NA	NA	1212	255	[5.4,5.9,6.4,6.8,7.3,7.9,8.4,9.5,12.1]	[5.8,6.2,6.6,6.9,7.3,7.8,8.7,9.6,11.36]	0.07709	0.8125	FAIL	0.3778	0.1514	PASS	0	3.6	PASS
li-igg/alb	unambiguous	all	inf	osuus	PASS		KS,MAD	99.76	{osuus:99.76,ratio:0.24}	NA	NA	NA	NA	NA	NA	NA	NA	1212	823	[0.09,0.1,0.11,0.13,0.14,0.15,0.17,0.2,0.28]	[0.09,0.1,0.11,0.12,0.13,0.14,0.15,0.17,0.238]	0.08623	2.899	PASS	2.772	2.249	FAIL	0.01	0.09	PASS
fs-trigly	unambiguous	all	inf	mmol/l	PASS		KS,MAD	99.99	{mmol/l:99.99,mmol/:0.01,form:0}	NA	NA	NA	NA	NA	NA	NA	NA	1211	258909	[0.7,0.8,0.93,1.09,1.2,1.4,1.59,1.87,2.4]	[0.7,0.84,0.98,1.11,1.27,1.45,1.68,2,2.57]	0.05238	2.587	PASS	-3.565	3.423	FAIL	0.07	1.26	PASS
p-kreatiniini	unambiguous	all	inf	umol/l	PASS		MAD	100	{umol/l:100}	NA	NA	NA	NA	NA	NA	NA	NA	1207	116936	[59,98,104,110,118,127,144,167,209]	[55,61,66,71,77,83,91,103,130]	0.5757	300	FAIL	20.74	81.35	FAIL	41	45	PASS
u-kemseul	unambiguous	all	inf	form	PASS		KS,T,MAD	98.04	{form:98.04,nken:0.98,leu/ul:0.98}	NA	NA	NA	NA	NA	NA	NA	NA	1198	100	[0,0,0,1.015,1.02,1.025,5.5,6,6.5]	[0,1.01,1.013,1.015,1.025,5,5,5.04,6.55]	0.198	2.923	PASS	-1	0.4952	PASS	0.005	3.075	PASS
p-hcg-tot	unambiguous	all	inf	iu/l	PASS		T,MAD	100	{iu/l:100}	NA	NA	NA	NA	NA	NA	NA	NA	1197	3737	[4.8,11.8,27.38,66.42,147.2,352,1044,3432,1.564e+04]	[4,10.32,28.4,72.58,183.5,425.9,1037,3053,1.542e+04]	0.03315	0.5771	FAIL	-0.2025	0.07594	PASS	36.3	540.9	PASS
s-shbg	unambiguous	all	inf	nmol/l	PASS		KS,T,MAD	100	{nmol/l:100,g/l:0}	NA	NA	NA	NA	NA	NA	NA	NA	1193	28144	[15,20,24,28,33,37,44,52,64]	[17,21,25,29,33,38,44,52,65]	0.0406	1.349	PASS	-0.7243	0.3288	PASS	0	33	PASS
u-sakka,eryt	unambiguous	all	inf	u/field	PASS		T,MAD	100	{u/field:100}	NA	NA	NA	NA	NA	NA	NA	NA	1161	85	[0,0,0,0,1,1,2,3,8]	[0,1,1,1,1,2,2.8,4,7]	0.3415	8.008	FAIL	-0.516	0.2169	PASS	0	3	PASS
s-psa	unambiguous	all	inf	ug/l	PASS		KS,MAD	99.99	{ug/l:99.99,mg/l:0.01,%:0}	NA	NA	NA	NA	NA	NA	NA	NA	1156	88594	[0.5,0.71,1.03,1.4,2.2,3.9,5.85,9,13.78]	[0.39,0.57,0.75,0.97,1.24,1.63,2.25,3.3,5.4]	0.2388	57.02	PASS	4.635	5.402	FAIL	0.96	2.22	PASS
u-alb-mi	unambiguous	all	inf	mg/l	PASS		KS,MAD	100	{mg/l:100}	NA	NA	NA	NA	NA	NA	NA	NA	1149	6339	[1,3,4,6,8,11,18,40,143]	[3,4,5.5,7.576,11,18.48,35.4,84.52,321]	0.1507	19.01	PASS	-3.853	3.919	FAIL	3	24	PASS
s-alb	unambiguous	all	inf	g/l	PASS		KS,MAD	99.91	{g/l:99.91,%:0.05,mg/g:0.03}	NA	NA	NA	NA	NA	NA	NA	NA	1142	23183	[32,35,36.43,37.5,38.6,39.6,40.9,42,44]	[34,36.9,38,39,40,41,42,43,45]	0.1905	34.34	PASS	-9.269	19.09	FAIL	1.4	9	PASS
gluk-pika	unambiguous	all	inf	mmol/l	PASS		KS,MAD	100	{mmol/l:100}	NA	NA	NA	NA	NA	NA	NA	NA	1140	727	[5.5,6.1,6.5,7.1,7.7,8.5,9.4,10.7,12.8]	[5,5.5,5.9,6.2,6.6,7.2,7.9,9.08,11.4]	0.1982	15.02	PASS	5.046	6.295	FAIL	1.1	3.6	PASS
vb-hco3-st	unambiguous	all	inf	mmol/l	PASS		KS,MAD	100	{mmol/l:100}	NA	NA	NA	NA	NA	NA	NA	NA	1122	104845	[18,20,21,23,23,24,25,26,28]	[20,21,22,23,24,25,25,26,28]	0.09195	7.891	PASS	-4.615	5.358	FAIL	1	6	PASS
b-gluk/pi	unambiguous	all	inf	mmol/l	PASS		KS,MAD	100	{mmol/l:100}	NA	NA	NA	NA	NA	NA	NA	NA	1119	295	[5.3,5.8,6.3,6.7,7.4,8.1,9.2,10.4,12.84]	[4.9,5.4,5.8,6.2,6.6,7.2,7.8,9.22,12.54]	0.1551	4.644	PASS	2.703	2.148	FAIL	0.8	3.6	PASS
p-fibr	unambiguous	all	inf	g/l	PASS		KS,MAD	100	{g/l:100}	NA	NA	NA	NA	NA	NA	NA	NA	1118	38596	[2,2.3,2.6,2.9,3.2,3.5,3.8,4.3,5.23]	[1.7,2.2,2.5,2.8,3.2,3.5,4,4.6,5.6]	0.0636	3.539	PASS	-2.248	1.606	FAIL	0	3	PASS
fs-kol-hdl	unambiguous	all	inf	mmol/l	PASS		KS,T,MAD	100	{mmol/l:100,form:0,mmol/:0}	NA	NA	NA	NA	NA	NA	NA	NA	1112	254482	[1,1.132,1.2,1.3,1.4,1.5,1.6,1.748,1.97]	[1,1.1,1.2,1.3,1.4,1.5,1.6,1.74,2]	0.04077	1.309	PASS	1.125	0.5839	PASS	0	0.75	PASS
s-haptog	unambiguous	all	inf	g/l	PASS		KS,MAD	100	{g/l:100}	NA	NA	NA	NA	NA	NA	NA	NA	1055	10330	[0.66,0.95,1,1.1,1.35,1.64,2,2.07,2.902]	[0.47,0.7,0.9,1.13,1.31,1.54,1.8,2.18,2.7]	0.1268	13.15	PASS	2.934	2.468	FAIL	0.04	1.65	PASS
b-pvk+tkd,leuk	unambiguous	all	inf	e9/l	PASS		KS,MAD	100	{e9/l:100}	NA	NA	NA	NA	NA	NA	NA	NA	1051	3390	[4.4,5.1,5.6,6.1,6.7,7.4,8,8.7,10.2]	[4.6,5.3,5.9,6.5,7.1,7.7,8.4,9.4,10.9]	0.06786	2.933	PASS	-4.69	5.535	FAIL	0.4	4.8	PASS
fs-c-pept	unambiguous	all	inf	nmol/l	PASS		MAD	100	{nmol/l:100}	NA	NA	NA	NA	NA	NA	NA	NA	1024	14056	[0.2306,0.4,0.5428,0.6592,0.77,0.91,1.08,1.327,1.704]	[0.2305,0.4,0.54,0.67,0.79,0.931,1.13,1.4,1.95]	0.04179	1.159	FAIL	-4.444	5.018	FAIL	0.02	1.11	PASS
s-lzm	unambiguous	all	inf	mg/l	PASS		KS,MAD	100	{mg/l:100}	NA	NA	NA	NA	NA	NA	NA	NA	1021	24700	[5.3,7.5,8.8,10,11,12,13.2,15,18.3]	[1.8,8,10,11,12,13.2,14.9,16,19]	0.1318	14.59	PASS	-2.764	2.237	FAIL	1	9	PASS
b-crp-pik	unambiguous	all	inf	mg/l	PASS		KS,MAD	100	{mg/l:100}	NA	NA	NA	NA	NA	NA	NA	NA	1003	353	[7,10,14,19,25,34,47,60,97]	[9,13,17,23,30,40,51.8,72,105.8]	0.09118	1.618	PASS	-2.553	1.96	FAIL	5	54	PASS
u-sakka,leuk	unambiguous	all	inf	u/field	PASS		T,MAD	100	{u/field:100}	NA	NA	NA	NA	NA	NA	NA	NA	1002	85	[0,0,0,0,0,1,2,5,11.9]	[0,0,0,0,0,1,1,2,5]	0.1061	0.4997	FAIL	1.483	0.8506	PASS	0	0	PASS
b-hkr	ambiguous	low	4.278	osuus	PASS	split_by_bimodal at 4.278 | DIP:0,BL:0.0%	KS,MAD	46.71	{%:53.17,osuus:46.71,fl:0.08}	bimodal	4.278	0.9842	0	8.777e-56	0.1094	0.04118	0.6237	1560575	4242587	[0.32,0.35,0.37,0.386,0.4,0.41,0.42,0.44,0.46]	[0.31,0.34,0.36,0.38,0.39,0.41,0.42,0.44,0.46]	0.03919	300	PASS	10.54	25.23	FAIL	0.01	0.12	PASS
b-hkr	ambiguous	high	inf	%	PASS	split_by_bimodal at 4.278 | DIP:0,BL:0.0%	KS,MAD	53.17	{%:53.17,osuus:46.71,fl:0.08}	bimodal	4.278	0.9842	0	8.777e-56	0.1094	0.04118	0.6237	191891	4828817	[32,34,37,38,39,41,42,43,45]	[30,33,36,38,39,41,42,43,45]	0.05739	300	PASS	53.02	300	FAIL	0	12	PASS
p-tt-inr	ambiguous	all	inf	inr	PASS	NO_SPLIT	KS,MAD	93.35	{inr:93.35,form:6.65,1:0.01}	skipped	NA	NA	NA	NA	0.1172	0.2099	-0.7909	1027114	339850	[1,1.1,1.2,1.6,2,2.2,2.5,2.7,3.1]	[1,1,1.1,1.2,1.5,2,2.3,2.6,3]	0.1172	300	PASS	98.13	300	FAIL	0.5	1.5	PASS
s-ph	ambiguous	all	inf	1	PASS	NO_SPLIT	KS,MAD	83.33	{1:83.33,ph:16.67}	skipped	NA	NA	NA	NA	0.1458	0.1458	-1.236e-05	396481	140	[7.34,7.36,7.37,7.38,7.39,7.41,7.42,7.43,7.45]	[7.36,7.38,7.39,7.4,7.405,7.42,7.42,7.43,7.45]	0.1458	2.335	PASS	-2.553	1.93	FAIL	0.015	0.045	PASS
ab-ph	ambiguous	all	inf	ph	PASS	NO_SPLIT	KS,MAD	71.5	{ph:71.5,form:25.76,mmol/l:1.3}	skipped	NA	NA	NA	NA	0.1419	0.2731	-0.9247	380677	2975	[7.33,7.36,7.39,7.4,7.42,7.43,7.45,7.46,7.49]	[7.37,7.39,7.41,7.42,7.43,7.44,7.45,7.47,7.48]	0.1419	51.61	PASS	-14.53	45.55	FAIL	0.01	0.09	PASS
p-tsh	ambiguous	all	inf	mu/l	PASS	NO_SPLIT	KS,MAD	97.24	{mu/l:97.24,miu/l:2.41,mlu/l:0.35}	skipped	NA	NA	NA	NA	0.03076	0.1422	-3.621	343236	1315373	[0.48,0.93,1.26,1.55,1.88,2.2,2.61,3.26,4.4]	[0.53,0.92,1.21,1.5,1.8,2.1,2.51,3.1,4.2]	0.03076	223.6	PASS	-24.43	131.1	FAIL	0.08	2.43	PASS
u-suhti	ambiguous	all	inf	g/ml	PASS	NO_SPLIT	KS,MAD	6.83	{kg/l:91.82,g/ml:6.83,ratio:1.26}	skipped	NA	NA	NA	NA	0.08995	0.09108	-0.01255	263430	3080	[1.01,1.013,1.015,1.015,1.018,1.02,1.02,1.024,1.026]	[1.01,1.015,1.015,1.015,1.02,1.02,1.02,1.025,1.025]	0.08995	21.15	PASS	5.827	8.247	FAIL	0.002	0.015	PASS
b-monos	ambiguous	all	inf	e9/l	PASS	NO_SPLIT	KS,MAD	97.82	{e9/l:97.82,%:2.18}	skipped	NA	NA	NA	NA	0.07493	0.5013	-5.691	98038	964700	[0.36,0.43,0.49,0.54,0.6,0.66,0.74,0.84,1]	[0.32,0.4,0.46,0.5,0.57,0.61,0.7,0.78,0.92]	0.07493	300	PASS	37.85	300	FAIL	0.03	0.45	PASS
b-eos	ambiguous	all	inf	e9/l	PASS	NO_SPLIT	KS,MAD	97.68	{e9/l:97.68,%:2.3,e6/l:0.02}	skipped	NA	NA	NA	NA	0.08525	0.09539	-0.119	80963	1092060	[0,0.03,0.08,0.11,0.15,0.19,0.24,0.31,0.45]	[0.02,0.07,0.1,0.12,0.15,0.19,0.23,0.3,0.4]	0.08525	300	PASS	3.629	3.545	FAIL	0	0.24	PASS
b-ly	ambiguous	all	inf	e9/l	PASS	NO_SPLIT	KS,MAD	97.41	{e9/l:97.41,%:2.59}	skipped	NA	NA	NA	NA	0.0303	0.4994	-15.48	59180	783947	[0.98,1.2,1.4,1.6,1.8,2,2.22,2.55,3.06]	[0.9,1.16,1.37,1.56,1.74,1.94,2.18,2.48,2.94]	0.0303	43.62	PASS	9.212	19.49	FAIL	0.06	1.56	PASS
u-keto-o	ambiguous	all	inf	l	PASS	NO_SPLIT	KS,MAD	4.7	{estimate:94.61,l:4.7,form:0.69}	skipped	NA	NA	NA	NA	0.003914	0.004582	-0.1706	49618	6640	[0,0,0,0,0,0,0,0,0]	[0,0,0,0,0,0,0,0,0]	0.03452	5.772	PASS	-9.473	20.48	FAIL	0	0	PASS
u-ph-o	ambiguous	all	inf	form	PASS	NO_SPLIT	KS,MAD	47.78	{N:52.17,form:47.78,70:0.03}	skipped	NA	NA	NA	NA	0.1243	0.2773	-1.231	48516	1901	[5,5.5,6,6,6,6.5,7,7,7.5]	[5,5.5,5.5,6,6,6,6.5,7,7]	0.1243	24.37	PASS	12.75	35.19	FAIL	0	1.5	PASS
b-ghb-a1c	ambiguous	all	inf	%	PASS	NO_SPLIT	KS,MAD	95.93	{%:95.93,mmol/mol:4.07}	skipped	NA	NA	NA	NA	0.141	0.1314	0.06797	38848	48557	[5.2,5.5,5.6,5.8,6.1,6.3,6.7,7.4,8.4]	[5.2,5.4,5.5,5.7,5.8,6,6.3,6.8,7.8]	0.141	300	PASS	24.38	129.7	FAIL	0.3	1.2	PASS
p-tromboplastiiniaika,inr-tulostus	ambiguous	all	inf	inr	PASS	NO_SPLIT	KS,MAD	57.5	{inr:57.5,1:40,form:2.5}	skipped	NA	NA	NA	NA	0.1638	0.2432	-0.4845	38382	92	[1.1,1.4,1.9,2.1,2.3,2.5,2.7,2.9,3.3]	[1.8,2.1,2.2,2.3,2.5,2.66,2.7,2.9,3.1]	0.1638	1.899	PASS	-2.477	1.821	FAIL	0.2	0.9	PASS
mono	ambiguous	low	2.627	e9/l	PASS	split_by_bimodal at 2.627 | DIP:0,BL:0.0%	KS,MAD	15.13	{%:84.87,e9/l:15.13}	bimodal	2.627	0.7431	0	0.03316	0.4635	0.1052	0.7731	17046	7454	[0.39,0.45,0.5,0.57,0.62,0.7,0.78,0.88,1]	[0.36,0.42,0.47,0.52,0.57,0.62,0.68,0.74,0.86]	0.1477	98.49	PASS	22.24	107.4	FAIL	0.05	0.39	PASS
mono	ambiguous	high	inf	%	PASS	split_by_bimodal at 2.627 | DIP:0,BL:0.0%	KS,MAD	84.87	{%:84.87,e9/l:15.13}	bimodal	2.627	0.7431	0	0.03316	0.4635	0.1052	0.7731	13658	41817	[6,7,8,8,9,10,11,12,14]	[5.1,7,7.7,8,9,10,10.4,12,13.9]	0.05213	24.03	PASS	9.383	20.15	FAIL	0	6	PASS
baso	ambiguous	all	inf	e9/l	PASS	NO_SPLIT	MAD	13.73	{%:86.27,e9/l:13.73}	skipped	NA	NA	NA	NA	0.3044	0.2673	0.1219	30244	8002	[0,0.02,0.03,0.04,0.05,0.08,1,1,1]	[0.02,0.02,0.03,0.04,0.04,0.05,0.06,0.07,0.08]	0.3413	300	FAIL	103.1	300	FAIL	0.01	0.06	PASS
lymf	ambiguous	low	7.031	e9/l	PASS	split_by_bimodal at 7.031 | DIP:0,BL:0.2%	KS,MAD	13.97	{%:86.03,e9/l:13.97}	bimodal	7.031	0.702	0	0.1949	0.4632	0.06472	0.8603	12975	7619	[0.95,1.17,1.35,1.54,1.75,1.96,2.19,2.502,3.04]	[1.06,1.34,1.51,1.68,1.84,2.03,2.23,2.5,2.92]	0.09556	37.87	PASS	-2.66	2.107	FAIL	0.09	1.35	PASS
lymf	ambiguous	high	inf	%	PASS	split_by_bimodal at 7.031 | DIP:0,BL:0.2%	KS,MAD	86.03	{%:86.03,e9/l:13.97}	bimodal	7.031	0.702	0	0.1949	0.4632	0.06472	0.8603	13798	46906	[14,18,22,25,28,31,34,38,45]	[13,18,22,25,28,31,34,37,43]	0.03572	11.53	PASS	11.52	29.88	FAIL	0	24	PASS
s-tsh	ambiguous	all	inf	miu/l	PASS	NO_SPLIT	KS,MAD	27.72	{mu/l:72.2,miu/l:27.72,u/l:0.04}	skipped	NA	NA	NA	NA	0.08112	0.2103	-1.592	21681	95397	[0.376,0.855,1.18,1.47,1.78,2.13,2.6,3.32,4.7]	[0.57,0.91,1.16,1.38,1.62,1.89,2.23,2.71,3.6]	0.08112	100.8	PASS	9.762	21.74	FAIL	0.16	2.01	PASS
b-lymfos	ambiguous	all	inf	e9/l	PASS	NO_SPLIT	KS,T,MAD	96.27	{e9/l:96.27,%:3.73}	skipped	NA	NA	NA	NA	0.09361	0.4998	-4.339	19863	4466	[0.89,1.12,1.3,1.48,1.65,1.83,2.05,2.34,2.83]	[1.02,1.29,1.46,1.63,1.81,2,2.22,2.53,3.01]	0.09361	27.53	PASS	-0.4447	0.1827	PASS	0.16	1.44	PASS
b-neutr	ambiguous	all	inf	e9/l	PASS	NO_SPLIT	KS,MAD	76.51	{e9/l:76.51,%:23.49}	skipped	NA	NA	NA	NA	0.07015	0.5006	-6.137	19473	7724	[2.07,2.59,3.02,3.43,3.85,4.32,4.9,5.73,7.24]	[1.9,2.34,2.75,3.152,3.59,4.07,4.67,5.41,6.87]	0.07015	23.38	PASS	4.465	5.093	FAIL	0.26	3.57	PASS
b-hb-a1c	ambiguous	all	inf	%	PASS	NO_SPLIT	KS,MAD	85.05	{%:85.05,mmol/mol:14.87,%/mmol:0.06}	skipped	NA	NA	NA	NA	0.05016	0.3336	-5.652	18914	43587	[5.4,5.5,5.6,5.8,6,6.2,6.5,7.2,8.1]	[5.3,5.4,5.6,5.8,5.9,6.1,6.4,6.9,7.7]	0.05016	28.55	PASS	7.633	13.63	FAIL	0.1	1.5	PASS
u-suhteellinentiheys	ambiguous	all	inf	1	PASS	NO_SPLIT	KS,T,MAD	78.44	{1:78.44,kg/l:21.56}	skipped	NA	NA	NA	NA	NA	NA	NA	17550	262	[1.01,1.012,1.015,1.015,1.017,1.02,1.02,1.023,1.025]	[1.01,1.015,1.015,1.015,1.02,1.02,1.02,1.025,1.025]	0.1137	2.633	PASS	-0.06274	0.02228	PASS	0.003	0.015	PASS
eos	ambiguous	all	inf	%	PASS	NO_SPLIT	KS,MAD	91.96	{%:91.96,e9/l:8.04}	skipped	NA	NA	NA	NA	0.0336	0.4657	-12.86	14512	49737	[0,1,2,2,3,3,4,5,7]	[0,1,2,2,3,3,4,5,6]	0.0336	10.73	PASS	5.845	8.29	FAIL	0	6	PASS
s-ttgaba	ambiguous	all	inf	u/ml	PASS	NO_SPLIT	KS,MAD	91.82	{u/ml:91.82,eliau/ml:7.73,form:0.44}	skipped	NA	NA	NA	NA	0.01977	0.1298	-5.567	13771	32226	[0.2,0.3,0.4,0.5,0.6,0.7,0.8,1.1,1.9]	[0.2,0.3,0.4,0.5,0.6,0.7,0.8,1.1,1.9]	0.01977	2.979	PASS	-4.397	4.958	FAIL	0	0.9	PASS
neut	ambiguous	all	inf	%	PASS	NO_SPLIT	KS,MAD	93.42	{%:93.42,e9/l:6.58}	skipped	NA	NA	NA	NA	0.03745	0.4536	-11.11	12290	61809	[42,48,52,55,58,61,64,68,74]	[43.1,49,52.8,56,59,62,65,69.4,75.4]	0.03745	12.2	PASS	-8.582	17	FAIL	1	24	PASS
fp-pth	ambiguous	all	inf	ng/l	PASS	NO_SPLIT	KS,MAD	80.06	{ng/l:80.06,pmol/l:19.94}	skipped	NA	NA	NA	NA	0.2662	0.2359	0.1137	11203	122092	[7,15,36,50,63,77,92,116,169]	[35,51,66,84,106,135,179,253,408]	0.2662	300	PASS	-67.77	300	FAIL	43	177	PASS
b-erytrosyytit,tilavuusosuus	ambiguous	all	inf	osuus	PASS	NO_SPLIT	KS,MAD	77.46	{osuus:77.46,%:22.53,1:0}	skipped	NA	NA	NA	NA	0.1013	0.1013	-0.0004303	10988	292478	[0.34,0.37,0.38,0.4,0.41,0.42,0.43,0.44,0.46]	[0.31,0.34,0.37,0.38,0.4,0.41,0.42,0.44,0.46]	0.1013	94.29	PASS	-6.307	9.534	FAIL	0.01	0.12	PASS
fs-trfesat	ambiguous	all	inf	osuus	PASS	NO_SPLIT	MAD	18.85	{%:80.03,osuus:18.85,1:1.13}	skipped	NA	NA	NA	NA	0.03588	0.04391	-0.224	10836	451	[0.09,0.13,0.16,0.19,0.22,0.25,0.29,0.34,0.42]	[0.08,0.12,0.16,0.19,0.23,0.26,0.28,0.33,0.4]	0.03588	0.2078	FAIL	8.469	16.55	FAIL	0.01	0.27	PASS
u-happamuusaste	ambiguous	low	6.204	1	PASS	split_by_bimodal_cautious at 6.204 | DIP:0,BL:13.2%	MAD	91.97	{1:91.97,5170:7.63,form:0.4}	bimodal_cautious	6.204	0.1647	0	13.16	0.3951	0.5763	-0.4587	2901	229	[5,5.5,5.5,5.5,6,6,6,6,6]	[5.5,6,6,6,6,6,6.5,6.5,7]	0.3319	20.58	FAIL	-13.77	31.58	FAIL	0	0	PASS
u-happamuusaste	ambiguous	high	inf	1	FAIL	split_by_bimodal_cautious at 6.204 | DIP:0,BL:13.2%		91.97	{1:91.97,5170:7.63,form:0.4}	bimodal_cautious	6.204	0.1647	0	13.16	0.3951	0.5763	-0.4587	7724	229	[6.5,6.5,7,7,7,7,7.5,7.5,8]	[5.5,6,6,6,6,6,6.5,6.5,7]	0.6681	97.2	FAIL	24.77	67.43	FAIL	1	0	FAIL
p-tromboplastiiniaika,inr-tulos	ambiguous	all	inf	1	PASS	NO_SPLIT	KS,T,MAD	47.95	{inr:52.05,1:47.95}	skipped	NA	NA	NA	NA	0.02462	0.372	-14.11	8123	5842	[1.7,2,2.2,2.3,2.5,2.6,2.8,3,3.4]	[1.8,2,2.2,2.3,2.5,2.6,2.8,3,3.4]	0.02462	1.497	PASS	-1.209	0.6444	PASS	0	1.2	PASS
b-pvk+t	ambiguous	all	inf	%	PASS	NO_SPLIT	T,MAD	42.86	{%:42.86,e9/l:23.07,pg:13.75}	skipped	NA	NA	NA	NA	0.5973	0.5998	-0.004118	7647	8635	[1,1,1,1,1,1,1,1,1]	[6,10,12,13,14,28,39,52,62]	0.9975	300	FAIL	1.554	0.9201	PASS	13	27	PASS
s-ccpab	ambiguous	all	inf	u/ml	PASS	NO_SPLIT	KS,MAD	83.24	{u/ml:83.24,eliau/ml:15.54,form:1.22}	skipped	NA	NA	NA	NA	0.06059	0.1373	-1.267	7610	30309	[0.6,0.7,0.9,1,1.1,1.3,1.5,1.8,5]	[0.6,0.8,0.9,1,1.2,1.4,1.6,2.2,21]	0.06059	19.13	PASS	-8.238	15.72	FAIL	0.1	1.2	PASS
l-mono	ambiguous	all	inf	%	PASS	NO_SPLIT	KS,MAD	97.66	{%:97.66,e9/l:2.34}	skipped	NA	NA	NA	NA	0.07027	0.1206	-0.7168	7039	58379	[2.48,5,6.9,7.6,8.1,9,10,11.3,13.1]	[4.6,6,7,8,9,9.3,10,11.7,14]	0.07027	26.69	PASS	-8.733	17.53	FAIL	0.9	6	PASS
l-ly	ambiguous	low	6.721	e9/l	PASS	split_by_bimodal at 6.721 | DIP:0,BL:0.1%	KS,MAD	2.03	{%:97.97,e9/l:2.03,osuus:0}	bimodal	6.721	0.7815	0	0.06407	0.2077	0.05677	0.7266	1406	2847	[1.095,1.38,1.59,1.76,1.925,2.1,2.305,2.59,2.97]	[1.1,1.3,1.5,1.7,1.83,2,2.2,2.5,2.9]	0.07758	4.653	PASS	2.211	1.567	FAIL	0.095	1.29	PASS
l-ly	ambiguous	high	inf	%	PASS	split_by_bimodal at 6.721 | DIP:0,BL:0.1%	KS,T,MAD	97.97	{%:97.97,e9/l:2.03,osuus:0}	bimodal	6.721	0.7815	0	0.06407	0.2077	0.05677	0.7266	4990	137334	[16,19.98,23,26,28.4,31,34,37.5,43.1]	[13,18,22,25,28,31.1,34.8,38.9,45]	0.0509	10.55	PASS	1.805	1.148	PASS	0.4	24	PASS
u-osmoest	ambiguous	all	inf	mosm/kgh2o	PASS	NO_SPLIT	KS,MAD	60.16	{mosm/kgh2o:60.16,mosm/l:34.06,e6/l:5.78}	skipped	NA	NA	NA	NA	0.02943	0.4083	-12.88	5941	25256	[340,440,520,550,630,700,740,850,960]	[330,440,520,550,630,700,740,850,1000]	0.02943	3.326	PASS	-5.525	7.464	FAIL	0	450	PASS
neutrofiilit	ambiguous	low	52.95	e9/l	FAIL	split_by_bimodal at 52.95 | DIP:0,BL:5.5%		29.3	{%:70.69,e9/l:29.3,52%:0}	bimodal	52.95	0.654	0	5.474	0.4674	0.5016	-0.07324	2761	10480	[1,3,5,7,11,16,23,31,41]	[1.5,2.16,2.68,3.19,3.72,4.37,5.193,6.47,9.32]	0.4618	300	FAIL	39.15	269.5	FAIL	7.28	4.59	FAIL
neutrofiilit	ambiguous	high	inf	%	PASS	split_by_bimodal at 52.95 | DIP:0,BL:5.5%	MAD	70.69	{%:70.69,e9/l:29.3,52%:0}	bimodal	52.95	0.654	0	5.474	0.4674	0.5016	-0.07324	1851	25282	[60,67,72,78,82,85,89,91,94]	[43,48,52,56,59,62,65,69,75]	0.561	300	FAIL	68.1	300	FAIL	23	24	PASS
s-klotsa	ambiguous	low	35.24	umol/l	PASS	split_by_bimodal at 35.24 | DIP:0,BL:0.0%	KS,MAD	20.06	{nmol/l:79.88,umol/l:20.06,âumol/l:0.07}	bimodal	35.24	0.9066	0	3.347e-06	0.1706	0.05985	0.6492	733	9451	[0.644,1,1.1,1.4,1.6,1.9,2,2.3,2.78]	[0.5,0.7,0.9,1.1,1.3,1.5,1.7,2,2.5]	0.1581	14.59	PASS	-3.248	2.933	FAIL	0.3	1.5	PASS
s-klotsa	ambiguous	high	inf	nmol/l	PASS	split_by_bimodal at 35.24 | DIP:0,BL:0.0%	KS,MAD	79.88	{nmol/l:79.88,umol/l:20.06,âumol/l:0.07}	bimodal	35.24	0.9066	0	3.347e-06	0.1706	0.05985	0.6492	3676	37639	[526,788,1013,1236,1458,1687,1930,2237,2696]	[586,870,1100,1312,1520,1740,1986,2304,2796]	0.04025	4.425	PASS	-4.024	4.235	FAIL	62.5	1701	PASS
s-digoks	ambiguous	all	inf	nmol/l	PASS	NO_SPLIT	KS,MAD	96.59	{nmol/l:96.59,ug/l:3.41}	skipped	NA	NA	NA	NA	0.03222	0.3918	-11.16	3558	18451	[0.5,0.6,0.6,0.7,0.8,0.9,1,1.1,1.3]	[0.4,0.5,0.6,0.7,0.8,0.9,1,1.1,1.4]	0.03222	2.399	PASS	-3.497	3.325	FAIL	0	0.6	PASS
s-prealb	ambiguous	low	6.271	g/l	PASS	split_by_bimodal at 6.271 | DIP:0,BL:0.0%	KS,T,MAD	46.42	{mg/l:53.58,g/l:46.42}	bimodal	6.271	0.9395	0	3.995e-12	0.3019	0.05483	0.8184	2219	33018	[0.1,0.13,0.16,0.18,0.2,0.22,0.24,0.26,0.3]	[0.09,0.12,0.16,0.18,0.2,0.22,0.24,0.26,0.29]	0.03663	2.133	PASS	-0.5954	0.2584	PASS	0	0.18	PASS
s-prealb	ambiguous	high	inf	mg/l	PASS	split_by_bimodal at 6.271 | DIP:0,BL:0.0%	KS,MAD	53.58	{mg/l:53.58,g/l:46.42}	bimodal	6.271	0.9395	0	3.995e-12	0.3019	0.05483	0.8184	955	38109	[98.4,139,161.2,188,207,229,247,269,294]	[122,158,184,205,224,241,260,281,312]	0.09713	7.378	PASS	-6.34	9.46	FAIL	17	147	PASS
b-hba1cvt	ambiguous	all	inf	mmol/mol	PASS	NO_SPLIT	KS,MAD	58.36	{mmol/mol:58.36,%:41.64}	skipped	NA	NA	NA	NA	0.2373	0.5174	-1.18	3135	10683	[46,51,55,58,61,64,68,74,82]	[41,45,48,51,54,57,61,66,75]	0.2373	119.9	PASS	18.8	75.12	FAIL	7	24	PASS
p-rf	ambiguous	all	inf	iu/ml	PASS	NO_SPLIT	KS,MAD	92.76	{iu/ml:92.76,u/ml:7.21,iu/l:0.03}	skipped	NA	NA	NA	NA	0.1187	0.3551	-1.991	3088	10583	[6,8,10,11,14,17,24,40,97]	[7,10,11,12.7,15,19,27,48.3,105]	0.1187	29.08	PASS	-2.529	1.94	FAIL	1	18	PASS
p-inr-pika	ambiguous	all	inf	%	PASS	NO_SPLIT	KS,MAD	96.06	{%:96.06,inr:3.94}	skipped	NA	NA	NA	NA	0.08404	0.4409	-4.247	2999	829	[1.9,2.1,2.3,2.4,2.6,2.7,2.9,3.2,3.6]	[1.8,2.1,2.2,2.4,2.5,2.6,2.8,3,3.3]	0.08404	3.716	PASS	4.052	4.269	FAIL	0.1	1.2	PASS
s-prl	ambiguous	all	inf	mu/l	PASS	NO_SPLIT	KS,T,MAD	94.27	{mu/l:94.27,miu/l:5.51,nmol/l:0.19}	skipped	NA	NA	NA	NA	0.1012	0.2876	-1.842	2989	28199	[137,180,218,259,308,369,452,590,903.6]	[115,152.6,185,220.1,262,314,389,523,840.2]	0.1012	23.82	PASS	-0.05551	0.01966	PASS	46	342	PASS
s-mypnabg	ambiguous	low	26.53	au/ml	PASS	split_by_bimodal at 26.53 | DIP:0,BL:2.2%	KS,MAD	12.74	{eiu:82.35,au/ml:12.74,ru/ml:4.32}	bimodal	26.53	0.6599	0	2.208	0.3668	0.07352	0.7996	1143	1133	[0.5,0.9,1.4,2,2.7,3.72,5.3,7.5,13.2]	[0.5,1.2,1.86,2.7,3.8,5.7,8.9,16.36,34.1]	0.1432	9.918	PASS	-10.53	24.19	FAIL	1.1	9	PASS
s-mypnabg	ambiguous	high	inf	eiu	PASS	split_by_bimodal at 26.53 | DIP:0,BL:2.2%	T,MAD	82.35	{eiu:82.35,au/ml:12.74,ru/ml:4.32}	bimodal	26.53	0.6599	0	2.208	0.3668	0.07352	0.7996	1763	7326	[51,63,77,92.92,108,131,155,191,246.6]	[51,65,79,95,113,134,160,200,259.5]	0.02837	0.7027	FAIL	-1.622	0.9791	PASS	5	144	PASS
li-igg-ind	ambiguous	all	inf	osuus	PASS	NO_SPLIT	KS,MAD	80.28	{osuus:80.28,index:10.18,ratio:8.34}	skipped	NA	NA	NA	NA	0.1172	0.2758	-1.354	2902	741	[0.41,0.44,0.47,0.49,0.51,0.54,0.59,0.69,0.99]	[0.44,0.47,0.48,0.49,0.5,0.52,0.55,0.61,0.83]	0.1172	6.793	PASS	3.407	3.177	FAIL	0.01	0.12	PASS
b-mono	ambiguous	all	inf	e9/l	PASS	NO_SPLIT	KS,MAD	93.53	{e9/l:93.53,%:6.47}	skipped	NA	NA	NA	NA	0.1804	0.1629	0.0972	2899	66815	[0.4,0.5,0.5,0.6,0.6,0.7,0.83,0.92,1.1]	[0.32,0.4,0.48,0.5,0.59,0.61,0.7,0.8,0.92]	0.1804	78.86	PASS	10.97	26.73	FAIL	0.01	0.45	PASS
u-veri-o	ambiguous	all	inf	form	PASS	NO_SPLIT	MAD	97.62	{form:97.62,u/field:2.38}	skipped	NA	NA	NA	NA	0.01353	0.01353	-2.18e-15	2513	41	[0,0,0,0,0,0,0,0,0]	[0,0,0,0,0,0,0,0,0]	0.01353	-0	FAIL	2.502	1.906	FAIL	0	0	PASS
s-tpoab	ambiguous	all	inf	iu/ml	PASS	NO_SPLIT	KS,MAD	58.54	{iu/ml:58.54,u/ml:41.3,form:0.11}	skipped	NA	NA	NA	NA	0.1185	0.4802	-3.052	2451	7170	[0.4,6,13.7,37,70,141,250,420,695]	[4,8,13,31,41,64,140,272,546.2]	0.1185	22.07	PASS	7.958	14.64	FAIL	29	108	PASS
p-tni	ambiguous	low	0.3024	ug/l	PASS	split_by_bimodal_cautious at 0.3024 | DIP:0,BL:3.0%	KS,MAD	10.3	{ng/l:89.7,ug/l:10.3}	bimodal_cautious	0.3024	0.357	0	2.98	0.2753	0.1192	0.567	520	25059	[0,0.006,0.0197,0.04,0.05,0.06,0.07,0.1,0.15]	[0.01,0.013,0.02,0.024,0.031,0.05,0.079,0.16,0.736]	0.204	18.33	PASS	-20.65	93.2	FAIL	0.019	0.063	PASS
p-tni	ambiguous	high	inf	ng/l	PASS	split_by_bimodal_cautious at 0.3024 | DIP:0,BL:3.0%	KS,MAD	89.7	{ng/l:89.7,ug/l:10.3}	bimodal_cautious	0.3024	0.357	0	2.98	0.2753	0.1192	0.567	1888	218200	[3,4,6,9,12.95,23,37,73,201.6]	[4,5,7,10,15,24,46,118,760]	0.09582	14.69	PASS	-13.81	41.19	FAIL	2.05	33	PASS
u-prot	ambiguous	low	10.88	g/l	PASS	split_by_bimodal at 10.88 | DIP:0,BL:0.4%	KS,MAD	44.54	{mg/l:55.45,g/l:44.54,mg/dl:0}	bimodal	10.88	0.6434	0	0.3505	0.2165	0.1552	0.2831	2023	12042	[0,0.09,0.1,0.2,0.28,0.4,0.674,1,1.7]	[0.06,0.08,0.1,0.11,0.2,0.2086,0.35,0.53,1.1]	0.1378	28.42	PASS	3.285	2.99	FAIL	0.08	0.36	PASS
u-prot	ambiguous	high	inf	mg/l	PASS	split_by_bimodal at 10.88 | DIP:0,BL:0.4%	KS,MAD	55.45	{mg/l:55.45,g/l:44.54,mg/dl:0}	bimodal	10.88	0.6434	0	0.3505	0.2165	0.1552	0.2831	259	14992	[34,50,71.4,76.2,89,101.8,131,196.2,412.4]	[65,81,98,119,144,181,240,385,957.9]	0.2913	18.93	PASS	-7.425	12.24	FAIL	55	207	PASS
s-hcg-b-v	ambiguous	all	inf	ug/l	PASS	NO_SPLIT	T,MAD	93.42	{ug/l:93.42,pmol/l:6.52,iu/l:0.02}	skipped	NA	NA	NA	NA	0.01901	0.3989	-19.99	2181	15985	[21,30,37,45,53,63,76,95,127.3]	[22.68,30.8,38,45.3,54,63.91,75.99,93,123]	0.01901	0.3132	FAIL	1.652	1.005	PASS	1	69	PASS
p-antifxa	ambiguous	all	inf	u/ml	PASS	NO_SPLIT	KS,MAD	43.92	{iu/ml:56.03,u/ml:43.92,umol/l:0.06}	skipped	NA	NA	NA	NA	0.09144	0.2133	-1.333	2165	10808	[0.15,0.2,0.24,0.3,0.35,0.41,0.5,0.6,0.806]	[0.14,0.2,0.27,0.31,0.4,0.5,0.59,0.7,0.9]	0.09144	12.85	PASS	-4.911	6.022	FAIL	0.05	0.6	PASS
s-mypnabm	ambiguous	all	inf	index	PASS	NO_SPLIT	KS,MAD	56.62	{index:56.62,s/co:42.67,form:0.63}	skipped	NA	NA	NA	NA	0.1862	0.3575	-0.9203	2146	1445	[1,1.6,2,2.5,3,3.5,4.5,5.8,8.15]	[1.5,2.2,2.8,3.4,4.2,5.2,6.6,8.4,11]	0.1862	25.91	PASS	-11.33	28.39	FAIL	1.2	6.3	PASS
l-mon	ambiguous	all	inf	%	PASS	NO_SPLIT	MAD	88.16	{%:88.16,e9/l:11.84}	skipped	NA	NA	NA	NA	0.5542	0.7387	-0.3328	2104	12730	[4,8,11,12,12,13,14,15,16]	[6,7,7.5,8,8.7,9,10,10.7,12]	0.5542	300	FAIL	24.12	114.1	FAIL	3.3	4.8	PASS
s-tshrab	ambiguous	all	inf	iu/l	PASS	NO_SPLIT	KS,MAD	84.14	{iu/l:84.14,u/l:15.57,iu/ml:0.2}	skipped	NA	NA	NA	NA	0.09023	0.4108	-3.553	1974	6616	[1.3,1.8,2.2,2.7,3.2,3.9,4.9,6.8,11]	[1.7,2,2.4,2.9,3.3,3.9,5,7.3,14]	0.09023	10.5	PASS	-5.299	6.913	FAIL	0.1	4.2	PASS
s-enaab	ambiguous	all	inf	u/ml	PASS	NO_SPLIT	KS,MAD	87.62	{u/ml:87.62,ratio:12.27,titre:0.1}	skipped	NA	NA	NA	NA	0.05438	0.1538	-1.829	1973	1692	[0.1,0.1,0.16,0.2,0.2,0.2,0.3,0.4,0.7]	[0.1,0.1,0.2,0.2,0.2,0.2,0.3,0.48,1.2]	0.05438	2.06	PASS	-3.09	2.694	FAIL	0	0.3	PASS
s-dmklots	ambiguous	low	22.05	umol/l	PASS	split_by_bimodal at 22.05 | DIP:0,BL:0.0%	KS,MAD	38.41	{nmol/l:61.43,umol/l:38.41,âumol/l:0.14}	bimodal	22.05	0.9235	0	5.957e-08	0.266	0.1124	0.5774	516	8521	[0.4,0.5,0.69,0.8,0.9,1,1,1.2,1.4]	[0.3,0.4,0.5,0.6,0.7,0.8,1,1.2,1.5]	0.1833	14.05	PASS	-6.816	11	FAIL	0.2	0.9	PASS
s-dmklots	ambiguous	high	inf	nmol/l	PASS	split_by_bimodal at 22.05 | DIP:0,BL:0.0%	KS,MAD	61.43	{nmol/l:61.43,umol/l:38.41,âumol/l:0.14}	bimodal	22.05	0.9235	0	5.957e-08	0.266	0.1124	0.5774	1421	13628	[386,542,698,816,928,1061,1226,1420,1707]	[349,489.4,603.1,718,842,973,1127,1319,1617]	0.08666	8.132	PASS	5.862	8.259	FAIL	86	981	PASS
p-pct	ambiguous	all	inf	ug/l	PASS	NO_SPLIT	KS,T,MAD	93.91	{ug/l:93.91,ng/ml:6.09}	skipped	NA	NA	NA	NA	0.223	0.4012	-0.7992	1918	23099	[0.05,0.07,0.09,0.11,0.14,0.18,0.28,0.51,1.33]	[0.07,0.1,0.14,0.2,0.28,0.42,0.72,1.5,5.462]	0.223	77.1	PASS	-1.105	0.5703	PASS	0.14	0.6	PASS
s-rf	ambiguous	all	inf	u/ml	PASS	NO_SPLIT	KS,T,MAD	1.74	{iu/ml:72.42,kiu/l:25.77,u/ml:1.74}	skipped	NA	NA	NA	NA	0.1051	0.3046	-1.898	1825	272	[6,7,8,8,9,10,11,15,40]	[5,6,7,8,9,10,11,15.96,35.9]	0.1051	2.008	PASS	0.8709	0.4153	PASS	0	9	PASS
du-prot	ambiguous	low	15.1	g	PASS	split_by_bimodal at 15.1 | DIP:0,BL:0.3%	KS,MAD	32.31	{mg:65.4,g:32.31,mg/24h:1.32}	bimodal	15.1	0.6976	0	0.2744	0.4675	0.1277	0.7268	915	4911	[0.13,0.2,0.3,0.436,0.6,0.8,1.1,1.71,3]	[0.12,0.2,0.35,0.56,0.84,1.29,1.8,2.71,4.32]	0.1539	15.69	PASS	-8.551	16.57	FAIL	0.24	2.04	PASS
du-prot	ambiguous	high	inf	mg	PASS	split_by_bimodal at 15.1 | DIP:0,BL:0.3%	KS,MAD	65.4	{mg:65.4,g:32.31,mg/24h:1.32}	bimodal	15.1	0.6976	0	0.2744	0.4675	0.1277	0.7268	804	9940	[101,155.6,245.7,362.4,501,692.4,1030,1789,3529]	[98,151,250,414.6,665.5,1039,1629,2570,4428]	0.1097	7.522	PASS	-5.548	7.437	FAIL	164.5	1658	PASS
s-fsh	ambiguous	all	inf	iu/l	PASS	NO_SPLIT	KS,MAD	51.14	{iu/l:51.14,u/l:48.86}	skipped	NA	NA	NA	NA	0.03939	0.4262	-9.82	1625	14882	[3.1,4.5,5.7,7,9.1,15.1,28.6,47.08,70.48]	[3.3,4.7,6,7.6,10.2,17.2,33.17,51.9,72.9]	0.03939	1.685	PASS	-2.437	1.827	FAIL	1.1	21	PASS
b-tbifng	ambiguous	all	inf	iu/ml	PASS	NO_SPLIT	KS,T	96.03	{iu/ml:96.03,iu/l:3.93,form:0.03}	skipped	NA	NA	NA	NA	0.0726	0.2358	-2.248	1573	2858	[0,0,0,0,0.01,0.01,0.02,0.03,0.11]	[0,0,0,0,0,0.01,0.01,0.03,0.09]	0.0726	4.373	PASS	0.4291	0.1753	PASS	0.01	0	FAIL
u-osmol	ambiguous	all	inf	mosm/kgh2o	PASS	NO_SPLIT	KS,T,MAD	95.64	{mosm/kgh2o:95.64,mo/kgh2o:3.88,form:0.35}	skipped	NA	NA	NA	NA	0.04594	0.4149	-8.031	1387	7280	[186.6,248.2,292,335,376,419,470,537.6,640.2]	[171,228,276,320,367,417,474,544,645]	0.04594	1.85	PASS	1.307	0.718	PASS	9	375	PASS
s-chpnabm	ambiguous	low	0.9363	index	PASS	split_by_bimodal at 0.9363 | DIP:0,BL:0.3%	KS,T,MAD	96.11	{index:96.11,u/ml:2.63,titre:0.69}	bimodal	0.9363	0.6431	0	0.3249	0.5095	0.6149	-0.2067	682	841	[0.08,0.102,0.13,0.144,0.17,0.2,0.25,0.298,0.37]	[0.05,0.07,0.08,0.1,0.12,0.14,0.17,0.21,0.29]	0.2482	20.15	PASS	-0.676	0.3017	PASS	0.05	0.15	PASS
s-chpnabm	ambiguous	high	inf	index	FAIL	split_by_bimodal at 0.9363 | DIP:0,BL:0.3%		96.11	{index:96.11,u/ml:2.63,titre:0.69}	bimodal	0.9363	0.6431	0	0.3249	0.5095	0.6149	-0.2067	672	841	[2.3,3,3.5,4,4.5,5.2,6.2,7.5,9.99]	[0.05,0.07,0.08,0.1,0.12,0.14,0.17,0.21,0.29]	0.9869	300	FAIL	19.23	65.74	FAIL	4.38	0.15	FAIL
s-chpnabg	ambiguous	all	inf	bu/ml	PASS	NO_SPLIT	KS,MAD	10.86	{eiu:42.53,u/ml:35.3,bu/ml:10.86}	skipped	NA	NA	NA	NA	0.2142	0.2368	-0.1056	1294	467	[4.2,7.8,10.2,12.5,15.8,32,64,81.8,128]	[1,3,5,8,11,23,32,50,77.4]	0.2142	13.56	PASS	7.43	12.7	FAIL	4.8	30	PASS
s-hepyabg	ambiguous	all	inf	u/ml	PASS	NO_SPLIT	MAD	81.12	{u/ml:81.12,index:11,eiu:4.08}	skipped	NA	NA	NA	NA	0.3498	0.5238	-0.4973	1269	4094	[0.988,3.37,10.14,15,34,82.8,180,414,1700]	[0.1,0.1,0.4,10,10.7,11.6,13.8,23,83]	0.3498	105.2	FAIL	12.41	32.74	FAIL	23.3	30.9	PASS
i-stathct	ambiguous	low	3.065	%pcv	FAIL	split_by_bimodal at 3.065 | DIP:0,BL:0.0%		60.91	{%pcv:60.91,%:35.45,mmol/l:1.82}	bimodal	3.065	0.9809	0	1.214e-31	0.8235	0.834	-0.01273	1021	67	[0.33,0.36,0.39,0.4,0.41,0.43,0.44,0.46,0.49]	[34.6,37,38,40,41,42,44,46,46.4]	1	107.7	FAIL	-53	55.1	FAIL	40.59	12	FAIL
i-stathct	ambiguous	high	inf	%pcv	PASS	split_by_bimodal at 3.065 | DIP:0,BL:0.0%	T,MAD	60.91	{%pcv:60.91,%:35.45,mmol/l:1.82}	bimodal	3.065	0.9809	0	1.214e-31	0.8235	0.834	-0.01273	220	67	[32.9,36,38,40,41,42,44,46,47]	[34.6,37,38,40,41,42,44,46,46.4]	0.0637	0.01126	FAIL	-0.4063	0.1641	PASS	0	12	PASS
s-crp-o	ambiguous	all	inf	mg/l	PASS	NO_SPLIT	KS,MAD	88.81	{mg/l:88.81,form:10.67,u/ml:0.35}	skipped	NA	NA	NA	NA	0.04947	0.3935	-6.955	1205	2523	[5,7,10,15,19,27,37,54,94]	[5,5,5.6,8,10,15,22,35,63.8]	0.1982	27.78	PASS	8.83	17.65	FAIL	9	15	PASS
u-epitel	ambiguous	low	1.01	/sunf	PASS	split_by_bimodal at 1.01 | DIP:0,BL:0.0%	KS,T,MAD	95.22	{/sunf:95.22,sunf:4.78}	bimodal	1.01	0.7048	0	0.03994	0.3115	0.3384	-0.08642	902	1316	[0,0,0,0,0,1,1,1,1]	[0,0,0,0,0,0,0,1,2]	0.2103	20.48	PASS	-1.413	0.8017	PASS	0	0	PASS
u-epitel	ambiguous	high	inf	/sunf	FAIL	split_by_bimodal at 1.01 | DIP:0,BL:0.0%		95.22	{/sunf:95.22,sunf:4.78}	bimodal	1.01	0.7048	0	0.03994	0.3115	0.3384	-0.08642	218	1316	[2,2,2,2,2,3,3,4,5]	[0,0,0,0,0,0,0,1,2]	0.8685	154	FAIL	19.8	52.93	FAIL	2	0	FAIL
c-reaktiivinenproteiini,vieritutkimus,plasmasta	ambiguous	all	inf	mg/l	PASS	NO_SPLIT	T,MAD	95	{mg/l:95,1:5}	skipped	NA	NA	NA	NA	0.1044	0.5	-3.789	1118	38	[3.2,6,9.01,14,20,29,41,62,95]	[5.85,6.64,8.47,11,15,22.8,56.2,59.6,94.4]	0.1044	0.1088	FAIL	0.1372	0.04983	PASS	5	27.75	PASS
